from,to,width_m,chainage_m,x,z,surface_H_m,max_slope_H
gate,junction-gym,7,0.000,0.000,0.000,0.0400,0.000000
gate,junction-gym,7,0.500,0.000,0.500,0.0400,0.000000
gate,junction-gym,7,1.000,0.000,1.000,0.0400,0.000000
gate,junction-gym,7,1.500,0.000,1.500,0.0400,0.000000
gate,junction-gym,7,2.000,0.000,2.000,0.0400,0.000000
gate,junction-gym,7,2.500,0.000,2.500,0.0400,0.000000
gate,junction-gym,7,3.000,0.000,3.000,0.0400,0.000000
gate,junction-gym,7,3.500,0.000,3.500,0.0400,0.000000
gate,junction-gym,7,4.000,0.000,4.000,0.0400,0.000000
gate,junction-gym,7,4.500,0.000,4.500,0.0400,0.000000
gate,junction-gym,7,5.000,0.000,5.000,0.0400,0.000000
gate,junction-gym,7,5.500,0.000,5.500,0.0400,0.000000
gate,junction-gym,7,6.000,0.000,6.000,0.0400,0.000000
gate,junction-gym,7,6.500,0.000,6.500,0.0400,0.000000
gate,junction-gym,7,7.000,0.000,7.000,0.0400,0.000000
gate,junction-gym,7,7.500,0.000,7.500,0.0400,0.000000
gate,junction-gym,7,8.000,0.000,8.000,0.0400,0.000000
gate,junction-gym,7,8.500,0.000,8.500,0.0400,0.000000
gate,junction-gym,7,9.000,0.000,9.000,0.0400,0.000000
gate,junction-gym,7,9.500,0.000,9.500,0.0400,0.000000
gate,junction-gym,7,10.000,0.000,10.000,0.0400,0.000000
gate,junction-gym,7,10.500,0.000,10.500,0.0400,0.000000
gate,junction-gym,7,11.000,0.000,11.000,0.0400,0.000000
gate,junction-gym,7,11.500,0.000,11.500,0.0400,0.000000
gate,junction-gym,7,12.000,0.000,12.000,0.0400,0.000000
gate,junction-gym,7,12.500,0.000,12.500,0.0400,0.000000
gate,junction-gym,7,13.000,0.000,13.000,0.0400,0.000000
gate,junction-gym,7,13.500,0.000,13.500,0.0400,0.000000
gate,junction-gym,7,14.000,0.000,14.000,0.0400,0.000000
gate,junction-gym,7,14.500,0.000,14.500,0.0400,0.000000
gate,junction-gym,7,15.000,0.000,15.000,0.0400,0.000000
gate,junction-gym,7,15.500,0.000,15.500,0.0400,0.000000
gate,junction-gym,7,16.000,0.000,16.000,0.0400,0.000000
gate,junction-gym,7,16.500,0.000,16.500,0.0400,0.000000
gate,junction-gym,7,17.000,0.000,17.000,0.0400,0.000000
gate,junction-gym,7,17.500,0.000,17.500,0.0400,0.000000
gate,junction-gym,7,18.000,0.000,18.000,0.0400,0.000000
gate,junction-gym,7,18.500,0.000,18.500,0.0400,0.000000
gate,junction-gym,7,19.000,0.000,19.000,0.0400,0.000000
gate,junction-gym,7,19.500,0.000,19.500,0.0400,0.000000
gate,junction-gym,7,20.000,0.000,20.000,0.0400,0.000000
gate,junction-gym,7,20.500,0.000,20.500,0.0400,0.000000
gate,junction-gym,7,21.000,0.000,21.000,0.0400,0.000000
gate,junction-gym,7,21.500,0.000,21.500,0.0400,0.000000
gate,junction-gym,7,22.000,0.000,22.000,0.0400,0.000000
junction-gym,gym-entry,3,0.000,0.000,22.000,0.0400,0.000000
junction-gym,gym-entry,3,0.495,-0.495,21.998,0.0400,0.000000
junction-gym,gym-entry,3,0.989,-0.989,21.996,0.0400,0.000000
junction-gym,gym-entry,3,1.484,-1.484,21.993,0.0400,0.000000
junction-gym,gym-entry,3,1.978,-1.978,21.991,0.0400,0.000000
junction-gym,gym-entry,3,2.473,-2.473,21.989,0.0400,0.000000
junction-gym,gym-entry,3,2.967,-2.967,21.987,0.0400,0.000000
junction-gym,gym-entry,3,3.462,-3.462,21.985,0.0400,0.000000
junction-gym,gym-entry,3,3.956,-3.956,21.982,0.0400,0.000000
junction-gym,gym-entry,3,4.451,-4.451,21.980,0.0400,0.000000
junction-gym,gym-entry,3,4.945,-4.945,21.978,0.0400,0.000000
junction-gym,gym-entry,3,5.440,-5.440,21.976,0.0400,0.000000
junction-gym,gym-entry,3,5.934,-5.934,21.974,0.0400,0.000000
junction-gym,gym-entry,3,6.429,-6.429,21.971,0.0400,0.000000
junction-gym,gym-entry,3,6.923,-6.923,21.969,0.0400,0.000000
junction-gym,gym-entry,3,7.418,-7.418,21.967,0.0400,0.000000
junction-gym,gym-entry,3,7.912,-7.912,21.965,0.0400,0.000000
junction-gym,gym-entry,3,8.407,-8.407,21.963,0.0400,0.000000
junction-gym,gym-entry,3,8.901,-8.901,21.960,0.0400,0.000000
junction-gym,gym-entry,3,9.396,-9.396,21.958,0.0400,0.000000
junction-gym,gym-entry,3,9.890,-9.890,21.956,0.0400,0.000000
junction-gym,gym-entry,3,10.385,-10.385,21.954,0.0400,0.000000
junction-gym,gym-entry,3,10.879,-10.879,21.952,0.0400,0.000000
junction-gym,gym-entry,3,11.374,-11.374,21.949,0.0400,0.000000
junction-gym,gym-entry,3,11.868,-11.868,21.947,0.0400,0.000000
junction-gym,gym-entry,3,12.363,-12.363,21.945,0.0400,0.000000
junction-gym,gym-entry,3,12.857,-12.857,21.943,0.0400,0.000000
junction-gym,gym-entry,3,13.352,-13.352,21.941,0.0400,0.000000
junction-gym,gym-entry,3,13.846,-13.846,21.938,0.0400,0.000000
junction-gym,gym-entry,3,14.341,-14.341,21.936,0.0400,0.000000
junction-gym,gym-entry,3,14.835,-14.835,21.934,0.0400,0.000000
junction-gym,gym-entry,3,15.330,-15.330,21.932,0.0400,0.000000
junction-gym,gym-entry,3,15.824,-15.824,21.930,0.0400,0.000000
junction-gym,gym-entry,3,16.319,-16.319,21.927,0.0400,0.000000
junction-gym,gym-entry,3,16.813,-16.813,21.925,0.0400,0.000000
junction-gym,gym-entry,3,17.308,-17.308,21.923,0.0400,0.000000
junction-gym,gym-entry,3,17.802,-17.802,21.921,0.0400,0.000000
junction-gym,gym-entry,3,18.297,-18.297,21.919,0.0400,0.000000
junction-gym,gym-entry,3,18.791,-18.791,21.916,0.0400,0.000000
junction-gym,gym-entry,3,19.286,-19.286,21.914,0.0400,0.000000
junction-gym,gym-entry,3,19.780,-19.780,21.912,0.0400,0.000000
junction-gym,gym-entry,3,20.275,-20.275,21.910,0.0400,0.000000
junction-gym,gym-entry,3,20.769,-20.769,21.908,0.0400,0.000000
junction-gym,gym-entry,3,21.264,-21.264,21.905,0.0400,0.000000
junction-gym,gym-entry,3,21.758,-21.758,21.903,0.0400,0.000000
junction-gym,gym-entry,3,22.253,-22.253,21.901,0.0400,0.000000
junction-gym,gym-entry,3,22.747,-22.747,21.899,0.0400,0.000000
junction-gym,gym-entry,3,23.242,-23.242,21.897,0.0400,0.000000
junction-gym,gym-entry,3,23.736,-23.736,21.895,0.0400,0.000000
junction-gym,gym-entry,3,24.231,-24.231,21.892,0.0400,0.000000
junction-gym,gym-entry,3,24.726,-24.725,21.890,0.0400,0.000000
junction-gym,gym-entry,3,25.220,-25.220,21.888,0.0400,0.000000
junction-gym,gym-entry,3,25.715,-25.714,21.886,0.0400,0.000000
junction-gym,gym-entry,3,26.209,-26.209,21.884,0.0400,0.000000
junction-gym,gym-entry,3,26.704,-26.703,21.881,0.0400,0.000000
junction-gym,gym-entry,3,27.198,-27.198,21.879,0.0400,0.000000
junction-gym,gym-entry,3,27.693,-27.692,21.877,0.0400,0.000000
junction-gym,gym-entry,3,28.187,-28.187,21.875,0.0400,0.000000
junction-gym,gym-entry,3,28.682,-28.681,21.873,0.0400,0.000000
junction-gym,gym-entry,3,29.176,-29.176,21.870,0.0400,0.000000
junction-gym,gym-entry,3,29.671,-29.670,21.868,0.0400,0.000000
junction-gym,gym-entry,3,30.165,-30.165,21.866,0.0400,0.000000
junction-gym,gym-entry,3,30.660,-30.659,21.864,0.0400,0.000000
junction-gym,gym-entry,3,31.154,-31.154,21.862,0.0400,0.000000
junction-gym,gym-entry,3,31.649,-31.648,21.859,0.0400,0.000000
junction-gym,gym-entry,3,32.143,-32.143,21.857,0.0400,0.000000
junction-gym,gym-entry,3,32.638,-32.637,21.855,0.0400,0.000000
junction-gym,gym-entry,3,33.132,-33.132,21.853,0.0400,0.000000
junction-gym,gym-entry,3,33.627,-33.626,21.851,0.0400,0.000000
junction-gym,gym-entry,3,34.121,-34.121,21.848,0.0400,0.000000
junction-gym,gym-entry,3,34.616,-34.615,21.846,0.0400,0.000000
junction-gym,gym-entry,3,35.110,-35.110,21.844,0.0400,0.000000
junction-gym,gym-entry,3,35.605,-35.604,21.842,0.0400,0.000000
junction-gym,gym-entry,3,36.099,-36.099,21.840,0.0400,0.000000
junction-gym,gym-entry,3,36.594,-36.593,21.837,0.0400,0.000000
junction-gym,gym-entry,3,37.088,-37.088,21.835,0.0400,0.000000
junction-gym,gym-entry,3,37.583,-37.582,21.833,0.0400,0.000000
junction-gym,gym-entry,3,38.077,-38.077,21.831,0.0400,0.000000
junction-gym,gym-entry,3,38.572,-38.571,21.829,0.0400,0.000000
junction-gym,gym-entry,3,39.066,-39.066,21.826,0.0400,0.000000
junction-gym,gym-entry,3,39.561,-39.560,21.824,0.0400,0.000000
junction-gym,gym-entry,3,40.055,-40.055,21.822,0.0400,0.000000
junction-gym,gym-entry,3,40.550,-40.549,21.820,0.0400,0.000000
junction-gym,gym-entry,3,41.044,-41.044,21.818,0.0400,0.000000
junction-gym,gym-entry,3,41.539,-41.538,21.815,0.0400,0.000000
junction-gym,gym-entry,3,42.033,-42.033,21.813,0.0400,0.000000
junction-gym,gym-entry,3,42.528,-42.527,21.811,0.0400,0.000000
junction-gym,gym-entry,3,43.022,-43.022,21.809,0.0400,0.000000
junction-gym,gym-entry,3,43.517,-43.516,21.807,0.0400,0.000000
junction-gym,gym-entry,3,44.011,-44.011,21.804,0.0400,0.000000
junction-gym,gym-entry,3,44.506,-44.505,21.802,0.0400,0.000000
junction-gym,gym-entry,3,45.000,-45.000,21.800,0.0400,0.000000
junction-gym,junction-sports,7,0.000,0.000,22.000,0.0400,0.001875
junction-gym,junction-sports,7,0.500,0.000,22.500,0.0400,0.001875
junction-gym,junction-sports,7,1.000,0.000,23.000,0.0400,0.001875
junction-gym,junction-sports,7,1.500,0.000,23.500,0.0400,0.001875
junction-gym,junction-sports,7,2.000,0.000,24.000,0.0400,0.001875
junction-gym,junction-sports,7,2.500,0.000,24.500,0.0400,0.001875
junction-gym,junction-sports,7,3.000,0.000,25.000,0.0400,0.001875
junction-gym,junction-sports,7,3.500,0.000,25.500,0.0400,0.001875
junction-gym,junction-sports,7,4.000,0.000,26.000,0.0400,0.001875
junction-gym,junction-sports,7,4.500,0.000,26.500,0.0400,0.001875
junction-gym,junction-sports,7,5.000,0.000,27.000,0.0400,0.001875
junction-gym,junction-sports,7,5.500,0.000,27.500,0.0400,0.001875
junction-gym,junction-sports,7,6.000,0.000,28.000,0.0400,0.001875
junction-gym,junction-sports,7,6.500,0.000,28.500,0.0400,0.001875
junction-gym,junction-sports,7,7.000,0.000,29.000,0.0400,0.001875
junction-gym,junction-sports,7,7.500,0.000,29.500,0.0400,0.001875
junction-gym,junction-sports,7,8.000,0.000,30.000,0.0400,0.001875
junction-gym,junction-sports,7,8.500,0.000,30.500,0.0400,0.001875
junction-gym,junction-sports,7,9.000,0.000,31.000,0.0400,0.001875
junction-gym,junction-sports,7,9.500,0.000,31.500,0.0400,0.001875
junction-gym,junction-sports,7,10.000,0.000,32.000,0.0400,0.001875
junction-gym,junction-sports,7,10.500,0.000,32.500,0.0400,0.001875
junction-gym,junction-sports,7,11.000,0.000,33.000,0.0400,0.001875
junction-gym,junction-sports,7,11.500,0.000,33.500,0.0400,0.001875
junction-gym,junction-sports,7,12.000,0.000,34.000,0.0400,0.001875
junction-gym,junction-sports,7,12.500,0.000,34.500,0.0400,0.001875
junction-gym,junction-sports,7,13.000,0.000,35.000,0.0400,0.001875
junction-gym,junction-sports,7,13.500,0.000,35.500,0.0400,0.001875
junction-gym,junction-sports,7,14.000,0.000,36.000,0.0400,0.001875
junction-gym,junction-sports,7,14.500,0.000,36.500,0.0400,0.001875
junction-gym,junction-sports,7,15.000,0.000,37.000,0.0400,0.001875
junction-gym,junction-sports,7,15.500,0.000,37.500,0.0400,0.001875
junction-gym,junction-sports,7,16.000,0.000,38.000,0.0400,0.001875
junction-gym,junction-sports,7,16.500,0.000,38.500,0.0400,0.001875
junction-gym,junction-sports,7,17.000,0.000,39.000,0.0400,0.001875
junction-gym,junction-sports,7,17.500,0.000,39.500,0.0400,0.001875
junction-gym,junction-sports,7,18.000,0.000,40.000,0.0400,0.001875
junction-gym,junction-sports,7,18.500,0.000,40.500,0.0400,0.001875
junction-gym,junction-sports,7,19.000,0.000,41.000,0.0400,0.001875
junction-gym,junction-sports,7,19.500,0.000,41.500,0.0400,0.001875
junction-gym,junction-sports,7,20.000,0.000,42.000,0.0400,0.001875
junction-gym,junction-sports,7,20.500,0.000,42.500,0.0400,0.001875
junction-gym,junction-sports,7,21.000,0.000,43.000,0.0400,0.001875
junction-gym,junction-sports,7,21.500,0.000,43.500,0.0400,0.001875
junction-gym,junction-sports,7,22.000,0.000,44.000,0.0400,0.001875
junction-gym,junction-sports,7,22.500,0.000,44.500,0.0400,0.001875
junction-gym,junction-sports,7,23.000,0.000,45.000,0.0400,0.001875
junction-gym,junction-sports,7,23.500,0.000,45.500,0.0400,0.001875
junction-gym,junction-sports,7,24.000,0.000,46.000,0.0400,0.001875
junction-gym,junction-sports,7,24.500,0.000,46.500,0.0400,0.001875
junction-gym,junction-sports,7,25.000,0.000,47.000,0.0400,0.001875
junction-gym,junction-sports,7,25.500,0.000,47.500,0.0400,0.001875
junction-gym,junction-sports,7,26.000,0.000,48.000,0.0400,0.001875
junction-gym,junction-sports,7,26.500,0.000,48.500,0.0400,0.001875
junction-gym,junction-sports,7,27.000,0.000,49.000,0.0400,0.001875
junction-gym,junction-sports,7,27.500,0.000,49.500,0.0400,0.001875
junction-gym,junction-sports,7,28.000,0.000,50.000,0.0400,0.001875
junction-gym,junction-sports,7,28.500,0.000,50.500,0.0400,0.001875
junction-gym,junction-sports,7,29.000,0.000,51.000,0.0400,0.001875
junction-gym,junction-sports,7,29.500,0.000,51.500,0.0400,0.001875
junction-gym,junction-sports,7,30.000,0.000,52.000,0.0400,0.001875
junction-gym,junction-sports,7,30.500,0.000,52.500,0.0400,0.001875
junction-gym,junction-sports,7,31.000,0.000,53.000,0.0400,0.001875
junction-gym,junction-sports,7,31.500,0.000,53.500,0.0400,0.001875
junction-gym,junction-sports,7,32.000,0.000,54.000,0.0400,0.001875
junction-gym,junction-sports,7,32.500,0.000,54.500,0.0400,0.001875
junction-gym,junction-sports,7,33.000,0.000,55.000,0.0400,0.001875
junction-gym,junction-sports,7,33.500,0.000,55.500,0.0400,0.001875
junction-gym,junction-sports,7,34.000,0.000,56.000,0.0400,0.001875
junction-gym,junction-sports,7,34.500,0.000,56.500,0.0400,0.001875
junction-gym,junction-sports,7,35.000,0.000,57.000,0.0400,0.001875
junction-gym,junction-sports,7,35.500,0.000,57.500,0.0400,0.001875
junction-gym,junction-sports,7,36.000,0.000,58.000,0.0400,0.001875
junction-gym,junction-sports,7,36.500,0.000,58.500,0.0400,0.001875
junction-gym,junction-sports,7,37.000,0.000,59.000,0.0400,0.001875
junction-gym,junction-sports,7,37.500,0.000,59.500,0.0400,0.001875
junction-gym,junction-sports,7,38.000,0.000,60.000,0.0400,0.001875
junction-gym,junction-sports,7,38.500,0.000,60.500,0.0400,0.001875
junction-gym,junction-sports,7,39.000,0.000,61.000,0.0400,0.001875
junction-gym,junction-sports,7,39.500,0.000,61.500,0.0400,0.001875
junction-gym,junction-sports,7,40.000,0.000,62.000,0.0400,0.001875
junction-gym,junction-sports,7,40.500,0.000,62.500,0.0400,0.001875
junction-gym,junction-sports,7,41.000,0.000,63.000,0.0400,0.001875
junction-gym,junction-sports,7,41.500,0.000,63.500,0.0400,0.001875
junction-gym,junction-sports,7,42.000,0.000,64.000,0.0400,0.001875
junction-gym,junction-sports,7,42.500,0.000,64.500,0.0400,0.001875
junction-gym,junction-sports,7,43.000,0.000,65.000,0.0400,0.001875
junction-gym,junction-sports,7,43.500,0.000,65.500,0.0400,0.001875
junction-gym,junction-sports,7,44.000,0.000,66.000,0.0400,0.001875
junction-gym,junction-sports,7,44.500,0.000,66.500,0.0400,0.001875
junction-gym,junction-sports,7,45.000,0.000,67.000,0.0400,0.001875
junction-gym,junction-sports,7,45.500,0.000,67.500,0.0400,0.001875
junction-gym,junction-sports,7,46.000,0.000,68.000,0.0400,0.001875
junction-gym,junction-sports,7,46.500,0.000,68.500,0.0400,0.001875
junction-gym,junction-sports,7,47.000,0.000,69.000,0.0400,0.001875
junction-gym,junction-sports,7,47.500,0.000,69.500,0.0400,0.001875
junction-gym,junction-sports,7,48.000,0.000,70.000,0.0400,0.001875
junction-gym,junction-sports,7,48.500,0.000,70.500,0.0400,0.001875
junction-gym,junction-sports,7,49.000,0.000,71.000,0.0400,0.001875
junction-gym,junction-sports,7,49.500,0.000,71.500,0.0400,0.001875
junction-gym,junction-sports,7,50.000,0.000,72.000,0.0400,0.001875
junction-gym,junction-sports,7,50.500,0.000,72.500,0.0400,0.001875
junction-gym,junction-sports,7,51.000,0.000,73.000,0.0400,0.001875
junction-gym,junction-sports,7,51.500,0.000,73.500,0.0400,0.001875
junction-gym,junction-sports,7,52.000,0.000,74.000,0.0400,0.001875
junction-gym,junction-sports,7,52.500,0.000,74.500,0.0400,0.001875
junction-gym,junction-sports,7,53.000,0.000,75.000,0.0400,0.001875
junction-gym,junction-sports,7,53.500,0.000,75.500,0.0400,0.001875
junction-gym,junction-sports,7,54.000,0.000,76.000,0.0400,0.001875
junction-gym,junction-sports,7,54.500,0.000,76.500,0.0400,0.001875
junction-gym,junction-sports,7,55.000,0.000,77.000,0.0400,0.001875
junction-gym,junction-sports,7,55.500,0.000,77.500,0.0400,0.001875
junction-gym,junction-sports,7,56.000,0.000,78.000,0.0400,0.001875
junction-gym,junction-sports,7,56.500,0.000,78.500,0.0400,0.001875
junction-gym,junction-sports,7,57.000,0.000,79.000,0.0400,0.001875
junction-gym,junction-sports,7,57.500,0.000,79.500,0.0400,0.001875
junction-gym,junction-sports,7,58.000,0.000,80.000,0.0400,0.001875
junction-gym,junction-sports,7,58.500,0.000,80.500,0.0409,0.001875
junction-gym,junction-sports,7,59.000,0.000,81.000,0.0419,0.001875
junction-gym,junction-sports,7,59.500,0.000,81.500,0.0428,0.001875
junction-gym,junction-sports,7,60.000,0.000,82.000,0.0437,0.001875
junction-gym,junction-sports,7,60.500,0.000,82.500,0.0447,0.001875
junction-gym,junction-sports,7,61.000,0.000,83.000,0.0456,0.001875
junction-gym,junction-sports,7,61.500,0.000,83.500,0.0466,0.001875
junction-gym,junction-sports,7,62.000,0.000,84.000,0.0475,0.001875
junction-gym,junction-sports,7,62.500,0.000,84.500,0.0484,0.001875
junction-gym,junction-sports,7,63.000,0.000,85.000,0.0494,0.001875
junction-gym,junction-sports,7,63.500,0.000,85.500,0.0503,0.001875
junction-gym,junction-sports,7,64.000,0.000,86.000,0.0513,0.001875
junction-sports,sports-front,3,0.000,0.000,86.000,0.0513,0.002098
junction-sports,sports-front,3,0.500,-0.500,86.000,0.0513,0.002098
junction-sports,sports-front,3,1.000,-1.000,86.000,0.0513,0.002098
junction-sports,sports-front,3,1.500,-1.500,86.000,0.0511,0.002098
junction-sports,sports-front,3,2.000,-2.000,86.000,0.0508,0.002098
junction-sports,sports-front,3,2.500,-2.500,86.000,0.0502,0.002098
junction-sports,sports-front,3,3.000,-3.000,86.000,0.0495,0.002098
junction-sports,sports-front,3,3.500,-3.500,86.000,0.0486,0.002098
junction-sports,sports-front,3,4.000,-4.000,86.000,0.0477,0.002098
junction-sports,sports-front,3,4.500,-4.500,86.000,0.0467,0.002098
junction-sports,sports-front,3,5.000,-5.000,86.000,0.0456,0.002098
junction-sports,sports-front,3,5.500,-5.500,86.000,0.0446,0.002098
junction-sports,sports-front,3,6.000,-6.000,86.000,0.0436,0.002098
junction-sports,sports-front,3,6.500,-6.500,86.000,0.0426,0.002098
junction-sports,sports-front,3,7.000,-7.000,86.000,0.0418,0.002098
junction-sports,sports-front,3,7.500,-7.500,86.000,0.0410,0.002098
junction-sports,sports-front,3,8.000,-8.000,86.000,0.0405,0.002098
junction-sports,sports-front,3,8.500,-8.500,86.000,0.0401,0.002098
junction-sports,sports-front,3,9.000,-9.000,86.000,0.0400,0.002098
junction-sports,sports-front,3,9.500,-9.500,86.000,0.0400,0.002098
junction-sports,sports-front,3,10.000,-10.000,86.000,0.0400,0.002098
junction-sports,sports-front,3,10.500,-10.500,86.000,0.0400,0.002098
junction-sports,sports-front,3,11.000,-11.000,86.000,0.0400,0.002098
junction-sports,sports-front,3,11.500,-11.500,86.000,0.0400,0.002098
junction-sports,sports-front,3,12.000,-12.000,86.000,0.0400,0.002098
junction-sports,sports-front,3,12.500,-12.500,86.000,0.0400,0.002098
junction-sports,sports-front,3,13.000,-13.000,86.000,0.0400,0.002098
junction-sports,sports-front,3,13.500,-13.500,86.000,0.0400,0.002098
junction-sports,sports-front,3,14.000,-14.000,86.000,0.0400,0.002098
junction-sports,sports-front,3,14.500,-14.500,86.000,0.0400,0.002098
junction-sports,sports-front,3,15.000,-15.000,86.000,0.0400,0.002098
junction-sports,sports-front,3,15.500,-15.500,86.000,0.0400,0.002098
junction-sports,sports-front,3,16.000,-16.000,86.000,0.0400,0.002098
junction-sports,sports-front,3,16.500,-16.500,86.000,0.0400,0.002098
junction-sports,sports-front,3,17.000,-17.000,86.000,0.0400,0.002098
junction-sports,sports-front,3,17.500,-17.500,86.000,0.0400,0.002098
junction-sports,sports-front,3,18.000,-18.000,86.000,0.0400,0.002098
junction-sports,sports-front,3,18.500,-18.500,86.000,0.0400,0.002098
junction-sports,sports-front,3,19.000,-19.000,86.000,0.0400,0.002098
junction-sports,sports-front,3,19.500,-19.500,86.000,0.0400,0.002098
junction-sports,sports-front,3,20.000,-20.000,86.000,0.0400,0.002098
junction-sports,sports-front,3,20.500,-20.500,86.000,0.0400,0.002098
junction-sports,sports-front,3,21.000,-21.000,86.000,0.0400,0.002098
junction-sports,sports-front,3,21.500,-21.500,86.000,0.0400,0.002098
junction-sports,sports-front,3,22.000,-22.000,86.000,0.0400,0.002098
junction-sports,sports-front,3,22.500,-22.500,86.000,0.0400,0.002098
junction-sports,sports-front,3,23.000,-23.000,86.000,0.0400,0.002098
junction-sports,sports-front,3,23.500,-23.500,86.000,0.0400,0.002098
junction-sports,sports-front,3,24.000,-24.000,86.000,0.0400,0.002098
junction-sports,sports-front,3,24.500,-24.500,86.000,0.0400,0.002098
junction-sports,sports-front,3,25.000,-25.000,86.000,0.0400,0.002098
junction-sports,sports-front,3,25.500,-25.500,86.000,0.0400,0.002098
junction-sports,sports-front,3,26.000,-26.000,86.000,0.0400,0.002098
junction-sports,sports-front,3,26.500,-26.500,86.000,0.0400,0.002098
junction-sports,sports-front,3,27.000,-27.000,86.000,0.0400,0.002098
junction-sports,sports-front,3,27.500,-27.500,86.000,0.0400,0.002098
junction-sports,sports-front,3,28.000,-28.000,86.000,0.0400,0.002098
junction-sports,sports-front,3,28.500,-28.500,86.000,0.0400,0.002098
junction-sports,sports-front,3,29.000,-29.000,86.000,0.0400,0.002098
junction-sports,sports-front,3,29.500,-29.500,86.000,0.0400,0.002098
junction-sports,sports-front,3,30.000,-30.000,86.000,0.0400,0.002098
junction-sports,sports-front,3,30.500,-30.500,86.000,0.0400,0.002098
junction-sports,sports-front,3,31.000,-31.000,86.000,0.0400,0.002098
junction-sports,sports-front,3,31.500,-31.500,86.000,0.0400,0.002098
junction-sports,sports-front,3,32.000,-32.000,86.000,0.0400,0.002098
junction-sports,sports-front,3,32.500,-32.500,86.000,0.0400,0.002098
junction-sports,sports-front,3,33.000,-33.000,86.000,0.0400,0.002098
junction-sports,sports-front,3,33.500,-33.500,86.000,0.0400,0.002098
junction-sports,sports-front,3,34.000,-34.000,86.000,0.0400,0.002098
junction-sports,sports-front,3,34.500,-34.500,86.000,0.0400,0.002098
junction-sports,sports-front,3,35.000,-35.000,86.000,0.0400,0.002098
junction-sports,sports-front,3,35.500,-35.500,86.000,0.0400,0.002098
junction-sports,sports-front,3,36.000,-36.000,86.000,0.0400,0.002098
junction-sports,sports-front,3,36.500,-36.500,86.000,0.0400,0.002098
junction-sports,sports-front,3,37.000,-37.000,86.000,0.0400,0.002098
junction-sports,sports-front,3,37.500,-37.500,86.000,0.0400,0.002098
sports-front,pool-entry,3,0.000,-37.500,86.000,0.0400,0.000000
sports-front,pool-entry,3,0.488,-37.014,85.958,0.0400,0.000000
sports-front,pool-entry,3,0.976,-36.528,85.917,0.0400,0.000000
sports-front,pool-entry,3,1.464,-36.042,85.875,0.0400,0.000000
sports-front,pool-entry,3,1.952,-35.556,85.833,0.0400,0.000000
sports-front,pool-entry,3,2.439,-35.069,85.792,0.0400,0.000000
sports-front,pool-entry,3,2.927,-34.583,85.750,0.0400,0.000000
sports-front,pool-entry,3,3.415,-34.097,85.708,0.0400,0.000000
sports-front,pool-entry,3,3.903,-33.611,85.667,0.0400,0.000000
sports-front,pool-entry,3,4.391,-33.125,85.625,0.0400,0.000000
sports-front,pool-entry,3,4.879,-32.639,85.583,0.0400,0.000000
sports-front,pool-entry,3,5.367,-32.153,85.542,0.0400,0.000000
sports-front,pool-entry,3,5.855,-31.667,85.500,0.0400,0.000000
sports-front,pool-entry,3,6.343,-31.181,85.458,0.0400,0.000000
sports-front,pool-entry,3,6.831,-30.694,85.417,0.0400,0.000000
sports-front,pool-entry,3,7.318,-30.208,85.375,0.0400,0.000000
sports-front,pool-entry,3,7.806,-29.722,85.333,0.0400,0.000000
sports-front,pool-entry,3,8.294,-29.236,85.292,0.0400,0.000000
sports-front,pool-entry,3,8.782,-28.750,85.250,0.0400,0.000000
sports-front,pool-entry,3,9.270,-28.264,85.208,0.0400,0.000000
sports-front,pool-entry,3,9.758,-27.778,85.167,0.0400,0.000000
sports-front,pool-entry,3,10.246,-27.292,85.125,0.0400,0.000000
sports-front,pool-entry,3,10.734,-26.806,85.083,0.0400,0.000000
sports-front,pool-entry,3,11.222,-26.319,85.042,0.0400,0.000000
sports-front,pool-entry,3,11.709,-25.833,85.000,0.0400,0.000000
sports-front,pool-entry,3,12.197,-25.347,84.958,0.0400,0.000000
sports-front,pool-entry,3,12.685,-24.861,84.917,0.0400,0.000000
sports-front,pool-entry,3,13.173,-24.375,84.875,0.0400,0.000000
sports-front,pool-entry,3,13.661,-23.889,84.833,0.0400,0.000000
sports-front,pool-entry,3,14.149,-23.403,84.792,0.0400,0.000000
sports-front,pool-entry,3,14.637,-22.917,84.750,0.0400,0.000000
sports-front,pool-entry,3,15.125,-22.431,84.708,0.0400,0.000000
sports-front,pool-entry,3,15.613,-21.944,84.667,0.0400,0.000000
sports-front,pool-entry,3,16.100,-21.458,84.625,0.0400,0.000000
sports-front,pool-entry,3,16.588,-20.972,84.583,0.0400,0.000000
sports-front,pool-entry,3,17.076,-20.486,84.542,0.0400,0.000000
sports-front,pool-entry,3,17.564,-20.000,84.500,0.0400,0.000000
junction-sports,junction-office,7,0.000,0.000,86.000,0.0513,0.001875
junction-sports,junction-office,7,0.500,0.000,86.500,0.0522,0.001875
junction-sports,junction-office,7,1.000,0.000,87.000,0.0531,0.001875
junction-sports,junction-office,7,1.500,0.000,87.500,0.0541,0.001875
junction-sports,junction-office,7,2.000,0.000,88.000,0.0550,0.001875
junction-sports,junction-office,7,2.500,0.000,88.500,0.0559,0.001875
junction-sports,junction-office,7,3.000,0.000,89.000,0.0569,0.001875
junction-sports,junction-office,7,3.500,0.000,89.500,0.0578,0.001875
junction-sports,junction-office,7,4.000,0.000,90.000,0.0587,0.001875
junction-sports,junction-office,7,4.500,0.000,90.500,0.0597,0.001875
junction-sports,junction-office,7,5.000,0.000,91.000,0.0606,0.001875
junction-sports,junction-office,7,5.500,0.000,91.500,0.0616,0.001875
junction-sports,junction-office,7,6.000,0.000,92.000,0.0625,0.001875
junction-sports,junction-office,7,6.500,0.000,92.500,0.0634,0.001875
junction-sports,junction-office,7,7.000,0.000,93.000,0.0644,0.001875
junction-sports,junction-office,7,7.500,0.000,93.500,0.0653,0.001875
junction-sports,junction-office,7,8.000,0.000,94.000,0.0663,0.001875
junction-sports,junction-office,7,8.500,0.000,94.500,0.0672,0.001875
junction-sports,junction-office,7,9.000,0.000,95.000,0.0681,0.001875
junction-sports,junction-office,7,9.500,0.000,95.500,0.0691,0.001875
junction-sports,junction-office,7,10.000,0.000,96.000,0.0700,0.001875
junction-sports,junction-office,7,10.500,0.000,96.500,0.0709,0.001875
junction-sports,junction-office,7,11.000,0.000,97.000,0.0719,0.001875
junction-sports,junction-office,7,11.500,0.000,97.500,0.0728,0.001875
junction-sports,junction-office,7,12.000,0.000,98.000,0.0737,0.001875
junction-sports,junction-office,7,12.500,0.000,98.500,0.0747,0.001875
junction-sports,junction-office,7,13.000,0.000,99.000,0.0756,0.001875
junction-sports,junction-office,7,13.500,0.000,99.500,0.0766,0.001875
junction-sports,junction-office,7,14.000,0.000,100.000,0.0775,0.001875
junction-sports,junction-office,7,14.500,0.000,100.500,0.0784,0.001875
junction-sports,junction-office,7,15.000,0.000,101.000,0.0794,0.001875
junction-sports,junction-office,7,15.500,0.000,101.500,0.0803,0.001875
junction-sports,junction-office,7,16.000,0.000,102.000,0.0812,0.001875
junction-sports,junction-office,7,16.500,0.000,102.500,0.0822,0.001875
junction-sports,junction-office,7,17.000,0.000,103.000,0.0831,0.001875
junction-sports,junction-office,7,17.500,0.000,103.500,0.0841,0.001875
junction-sports,junction-office,7,18.000,0.000,104.000,0.0850,0.001875
junction-sports,junction-office,7,18.500,0.000,104.500,0.0859,0.001875
junction-sports,junction-office,7,19.000,0.000,105.000,0.0869,0.001875
junction-sports,junction-office,7,19.500,0.000,105.500,0.0878,0.001875
junction-sports,junction-office,7,20.000,0.000,106.000,0.0887,0.001875
junction-sports,junction-office,7,20.500,0.000,106.500,0.0897,0.001875
junction-sports,junction-office,7,21.000,0.000,107.000,0.0906,0.001875
junction-sports,junction-office,7,21.500,0.000,107.500,0.0916,0.001875
junction-sports,junction-office,7,22.000,0.000,108.000,0.0925,0.001875
junction-sports,junction-office,7,22.500,0.000,108.500,0.0934,0.001875
junction-sports,junction-office,7,23.000,0.000,109.000,0.0944,0.001875
junction-sports,junction-office,7,23.500,0.000,109.500,0.0953,0.001875
junction-sports,junction-office,7,24.000,0.000,110.000,0.0963,0.001875
junction-sports,junction-office,7,24.500,0.000,110.500,0.0972,0.001875
junction-sports,junction-office,7,25.000,0.000,111.000,0.0981,0.001875
junction-sports,junction-office,7,25.500,0.000,111.500,0.0991,0.001875
junction-sports,junction-office,7,26.000,0.000,112.000,0.1000,0.001875
junction-sports,junction-office,7,26.500,0.000,112.500,0.1009,0.001875
junction-sports,junction-office,7,27.000,0.000,113.000,0.1019,0.001875
junction-sports,junction-office,7,27.500,0.000,113.500,0.1028,0.001875
junction-sports,junction-office,7,28.000,0.000,114.000,0.1038,0.001875
junction-sports,junction-office,7,28.500,0.000,114.500,0.1047,0.001875
junction-sports,junction-office,7,29.000,0.000,115.000,0.1056,0.001875
junction-sports,junction-office,7,29.500,0.000,115.500,0.1066,0.001875
junction-sports,junction-office,7,30.000,0.000,116.000,0.1075,0.001875
junction-sports,junction-office,7,30.500,0.000,116.500,0.1084,0.001875
junction-sports,junction-office,7,31.000,0.000,117.000,0.1094,0.001875
junction-sports,junction-office,7,31.500,0.000,117.500,0.1103,0.001875
junction-sports,junction-office,7,32.000,0.000,118.000,0.1113,0.001875
junction-sports,junction-office,7,32.500,0.000,118.500,0.1122,0.001875
junction-sports,junction-office,7,33.000,0.000,119.000,0.1131,0.001875
junction-sports,junction-office,7,33.500,0.000,119.500,0.1141,0.001875
junction-sports,junction-office,7,34.000,0.000,120.000,0.1150,0.001875
junction-sports,junction-office,7,34.500,0.000,120.500,0.1159,0.001875
junction-sports,junction-office,7,35.000,0.000,121.000,0.1169,0.001875
junction-sports,junction-office,7,35.500,0.000,121.500,0.1178,0.001875
junction-sports,junction-office,7,36.000,0.000,122.000,0.1187,0.001875
junction-sports,junction-office,7,36.500,0.000,122.500,0.1197,0.001875
junction-sports,junction-office,7,37.000,0.000,123.000,0.1206,0.001875
junction-sports,junction-office,7,37.500,0.000,123.500,0.1216,0.001875
junction-sports,junction-office,7,38.000,0.000,124.000,0.1225,0.001875
junction-sports,junction-office,7,38.500,0.000,124.500,0.1234,0.001875
junction-sports,junction-office,7,39.000,0.000,125.000,0.1244,0.001875
junction-sports,junction-office,7,39.500,0.000,125.500,0.1253,0.001875
junction-sports,junction-office,7,40.000,0.000,126.000,0.1263,0.001875
junction-sports,junction-office,7,40.500,0.000,126.500,0.1272,0.001875
junction-sports,junction-office,7,41.000,0.000,127.000,0.1281,0.001875
junction-sports,junction-office,7,41.500,0.000,127.500,0.1291,0.001875
junction-sports,junction-office,7,42.000,0.000,128.000,0.1300,0.001875
junction-sports,junction-office,7,42.500,0.000,128.500,0.1309,0.001875
junction-sports,junction-office,7,43.000,0.000,129.000,0.1319,0.001875
junction-sports,junction-office,7,43.500,0.000,129.500,0.1328,0.001875
junction-sports,junction-office,7,44.000,0.000,130.000,0.1338,0.001875
junction-sports,junction-office,7,44.500,0.000,130.500,0.1347,0.001875
junction-sports,junction-office,7,45.000,0.000,131.000,0.1356,0.001875
junction-sports,junction-office,7,45.500,0.000,131.500,0.1366,0.001875
junction-sports,junction-office,7,46.000,0.000,132.000,0.1375,0.001875
junction-sports,junction-office,7,46.500,0.000,132.500,0.1384,0.001875
junction-sports,junction-office,7,47.000,0.000,133.000,0.1394,0.001875
junction-sports,junction-office,7,47.500,0.000,133.500,0.1403,0.001875
junction-sports,junction-office,7,48.000,0.000,134.000,0.1412,0.001875
junction-sports,junction-office,7,48.500,0.000,134.500,0.1422,0.001875
junction-sports,junction-office,7,49.000,0.000,135.000,0.1431,0.001875
junction-sports,junction-office,7,49.500,0.000,135.500,0.1441,0.001875
junction-sports,junction-office,7,50.000,0.000,136.000,0.1450,0.001875
junction-sports,junction-office,7,50.500,0.000,136.500,0.1459,0.001875
junction-sports,junction-office,7,51.000,0.000,137.000,0.1469,0.001875
junction-sports,junction-office,7,51.500,0.000,137.500,0.1478,0.001875
junction-sports,junction-office,7,52.000,0.000,138.000,0.1487,0.001875
junction-sports,junction-office,7,52.500,0.000,138.500,0.1497,0.001875
junction-sports,junction-office,7,53.000,0.000,139.000,0.1506,0.001875
junction-sports,junction-office,7,53.500,0.000,139.500,0.1516,0.001875
junction-sports,junction-office,7,54.000,0.000,140.000,0.1525,0.001875
junction-sports,junction-office,7,54.500,0.000,140.500,0.1534,0.001875
junction-sports,junction-office,7,55.000,0.000,141.000,0.1544,0.001875
junction-sports,junction-office,7,55.500,0.000,141.500,0.1553,0.001875
junction-sports,junction-office,7,56.000,0.000,142.000,0.1563,0.001875
junction-sports,junction-office,7,56.500,0.000,142.500,0.1572,0.001875
junction-sports,junction-office,7,57.000,0.000,143.000,0.1581,0.001875
junction-sports,junction-office,7,57.500,0.000,143.500,0.1591,0.001875
junction-sports,junction-office,7,58.000,0.000,144.000,0.1600,0.001875
junction-sports,junction-office,7,58.500,0.000,144.500,0.1609,0.001875
junction-sports,junction-office,7,59.000,0.000,145.000,0.1619,0.001875
junction-sports,junction-office,7,59.500,0.000,145.500,0.1628,0.001875
junction-sports,junction-office,7,60.000,0.000,146.000,0.1638,0.001875
junction-sports,junction-office,7,60.500,0.000,146.500,0.1647,0.001875
junction-sports,junction-office,7,61.000,0.000,147.000,0.1656,0.001875
junction-sports,junction-office,7,61.500,0.000,147.500,0.1666,0.001875
junction-sports,junction-office,7,62.000,0.000,148.000,0.1675,0.001875
junction-sports,junction-office,7,62.500,0.000,148.500,0.1684,0.001875
junction-sports,junction-office,7,63.000,0.000,149.000,0.1694,0.001875
junction-sports,junction-office,7,63.500,0.000,149.500,0.1703,0.001875
junction-sports,junction-office,7,64.000,0.000,150.000,0.1713,0.001875
junction-sports,junction-office,7,64.500,0.000,150.500,0.1722,0.001875
junction-sports,junction-office,7,65.000,0.000,151.000,0.1731,0.001875
junction-sports,junction-office,7,65.500,0.000,151.500,0.1741,0.001875
junction-sports,junction-office,7,66.000,0.000,152.000,0.1750,0.001875
junction-sports,junction-office,7,66.500,0.000,152.500,0.1759,0.001875
junction-sports,junction-office,7,67.000,0.000,153.000,0.1769,0.001875
junction-sports,junction-office,7,67.500,0.000,153.500,0.1778,0.001875
junction-sports,junction-office,7,68.000,0.000,154.000,0.1787,0.001875
junction-sports,junction-office,7,68.500,0.000,154.500,0.1797,0.001875
junction-sports,junction-office,7,69.000,0.000,155.000,0.1806,0.001875
junction-sports,junction-office,7,69.500,0.000,155.500,0.1816,0.001875
junction-sports,junction-office,7,70.000,0.000,156.000,0.1825,0.001875
junction-sports,junction-office,7,70.500,0.000,156.500,0.1834,0.001875
junction-sports,junction-office,7,71.000,0.000,157.000,0.1844,0.001875
junction-sports,junction-office,7,71.500,0.000,157.500,0.1853,0.001875
junction-sports,junction-office,7,72.000,0.000,158.000,0.1862,0.001875
junction-office,office-entry,3,0.000,0.000,158.000,0.1862,0.025914
junction-office,office-entry,3,0.495,-0.495,158.016,0.1863,0.025914
junction-office,office-entry,3,0.990,-0.989,158.033,0.1863,0.025914
junction-office,office-entry,3,1.484,-1.484,158.049,0.1852,0.025914
junction-office,office-entry,3,1.979,-1.978,158.066,0.1813,0.025914
junction-office,office-entry,3,2.474,-2.473,158.082,0.1748,0.025914
junction-office,office-entry,3,2.969,-2.967,158.099,0.1662,0.025914
junction-office,office-entry,3,3.463,-3.462,158.115,0.1560,0.025914
junction-office,office-entry,3,3.958,-3.956,158.132,0.1445,0.025914
junction-office,office-entry,3,4.453,-4.451,158.148,0.1321,0.025914
junction-office,office-entry,3,4.948,-4.945,158.165,0.1193,0.025914
junction-office,office-entry,3,5.443,-5.440,158.181,0.1065,0.025914
junction-office,office-entry,3,5.937,-5.934,158.198,0.0940,0.025914
junction-office,office-entry,3,6.432,-6.429,158.214,0.0824,0.025914
junction-office,office-entry,3,6.927,-6.923,158.231,0.0720,0.025914
junction-office,office-entry,3,7.422,-7.418,158.247,0.0632,0.025914
junction-office,office-entry,3,7.916,-7.912,158.264,0.0565,0.025914
junction-office,office-entry,3,8.411,-8.407,158.280,0.0521,0.025914
junction-office,office-entry,3,8.906,-8.901,158.297,0.0504,0.025914
junction-office,office-entry,3,9.401,-9.396,158.313,0.0506,0.025914
junction-office,office-entry,3,9.896,-9.890,158.330,0.0508,0.025914
junction-office,office-entry,3,10.390,-10.385,158.346,0.0511,0.025914
junction-office,office-entry,3,10.885,-10.879,158.363,0.0513,0.025914
junction-office,office-entry,3,11.380,-11.374,158.379,0.0516,0.025914
junction-office,office-entry,3,11.875,-11.868,158.396,0.0519,0.025914
junction-office,office-entry,3,12.370,-12.363,158.412,0.0521,0.025914
junction-office,office-entry,3,12.864,-12.857,158.429,0.0524,0.025914
junction-office,office-entry,3,13.359,-13.352,158.445,0.0527,0.025914
junction-office,office-entry,3,13.854,-13.846,158.462,0.0529,0.025914
junction-office,office-entry,3,14.349,-14.341,158.478,0.0532,0.025914
junction-office,office-entry,3,14.843,-14.835,158.495,0.0535,0.025914
junction-office,office-entry,3,15.338,-15.330,158.511,0.0538,0.025914
junction-office,office-entry,3,15.833,-15.824,158.527,0.0541,0.025914
junction-office,office-entry,3,16.328,-16.319,158.544,0.0543,0.025914
junction-office,office-entry,3,16.823,-16.813,158.560,0.0546,0.025914
junction-office,office-entry,3,17.317,-17.308,158.577,0.0549,0.025914
junction-office,office-entry,3,17.812,-17.802,158.593,0.0552,0.025914
junction-office,office-entry,3,18.307,-18.297,158.610,0.0555,0.025914
junction-office,office-entry,3,18.802,-18.791,158.626,0.0558,0.025914
junction-office,office-entry,3,19.296,-19.286,158.643,0.0561,0.025914
junction-office,office-entry,3,19.791,-19.780,158.659,0.0564,0.025914
junction-office,office-entry,3,20.286,-20.275,158.676,0.0567,0.025914
junction-office,office-entry,3,20.781,-20.769,158.692,0.0570,0.025914
junction-office,office-entry,3,21.276,-21.264,158.709,0.0573,0.025914
junction-office,office-entry,3,21.770,-21.758,158.725,0.0576,0.025914
junction-office,office-entry,3,22.265,-22.253,158.742,0.0579,0.025914
junction-office,office-entry,3,22.760,-22.747,158.758,0.0583,0.025914
junction-office,office-entry,3,23.255,-23.242,158.775,0.0603,0.025914
junction-office,office-entry,3,23.749,-23.736,158.791,0.0634,0.025914
junction-office,office-entry,3,24.244,-24.231,158.808,0.0647,0.025914
junction-office,office-entry,3,24.739,-24.725,158.824,0.0656,0.025914
junction-office,office-entry,3,25.234,-25.220,158.841,0.0665,0.025914
junction-office,office-entry,3,25.729,-25.714,158.857,0.0675,0.025914
junction-office,office-entry,3,26.223,-26.209,158.874,0.0684,0.025914
junction-office,office-entry,3,26.718,-26.703,158.890,0.0694,0.025914
junction-office,office-entry,3,27.213,-27.198,158.907,0.0705,0.025914
junction-office,office-entry,3,27.708,-27.692,158.923,0.0715,0.025914
junction-office,office-entry,3,28.202,-28.187,158.940,0.0726,0.025914
junction-office,office-entry,3,28.697,-28.681,158.956,0.0737,0.025914
junction-office,office-entry,3,29.192,-29.176,158.973,0.0748,0.025914
junction-office,office-entry,3,29.687,-29.670,158.989,0.0759,0.025914
junction-office,office-entry,3,30.182,-30.165,159.005,0.0771,0.025914
junction-office,office-entry,3,30.676,-30.659,159.022,0.0783,0.025914
junction-office,office-entry,3,31.171,-31.154,159.038,0.0795,0.025914
junction-office,office-entry,3,31.666,-31.648,159.055,0.0807,0.025914
junction-office,office-entry,3,32.161,-32.143,159.071,0.0819,0.025914
junction-office,office-entry,3,32.655,-32.637,159.088,0.0832,0.025914
junction-office,office-entry,3,33.150,-33.132,159.104,0.0844,0.025914
junction-office,office-entry,3,33.645,-33.626,159.121,0.0857,0.025914
junction-office,office-entry,3,34.140,-34.121,159.137,0.0870,0.025914
junction-office,office-entry,3,34.635,-34.615,159.154,0.0883,0.025914
junction-office,office-entry,3,35.129,-35.110,159.170,0.0897,0.025914
junction-office,office-entry,3,35.624,-35.604,159.187,0.0910,0.025914
junction-office,office-entry,3,36.119,-36.099,159.203,0.0924,0.025914
junction-office,office-entry,3,36.614,-36.593,159.220,0.0938,0.025914
junction-office,office-entry,3,37.109,-37.088,159.236,0.0952,0.025914
junction-office,office-entry,3,37.603,-37.582,159.253,0.0966,0.025914
junction-office,office-entry,3,38.098,-38.077,159.269,0.0980,0.025914
junction-office,office-entry,3,38.593,-38.571,159.286,0.0995,0.025914
junction-office,office-entry,3,39.088,-39.066,159.302,0.1009,0.025914
junction-office,office-entry,3,39.582,-39.560,159.319,0.1024,0.025914
junction-office,office-entry,3,40.077,-40.055,159.335,0.1038,0.025914
junction-office,office-entry,3,40.572,-40.549,159.352,0.1053,0.025914
junction-office,office-entry,3,41.067,-41.044,159.368,0.1068,0.025914
junction-office,office-entry,3,41.562,-41.538,159.385,0.1083,0.025914
junction-office,office-entry,3,42.056,-42.033,159.401,0.1098,0.025914
junction-office,office-entry,3,42.551,-42.527,159.418,0.1113,0.025914
junction-office,office-entry,3,43.046,-43.022,159.434,0.1128,0.025914
junction-office,office-entry,3,43.541,-43.516,159.451,0.1144,0.025914
junction-office,office-entry,3,44.035,-44.011,159.467,0.1159,0.025914
junction-office,office-entry,3,44.530,-44.505,159.484,0.1175,0.025914
junction-office,office-entry,3,45.025,-45.000,159.500,0.1190,0.025914
forecourt,main-front,3,0.000,0.000,208.000,0.4567,0.000475
forecourt,main-front,3,0.497,0.496,208.025,0.4568,0.000475
forecourt,main-front,3,0.994,0.993,208.050,0.4569,0.000475
forecourt,main-front,3,1.491,1.489,208.076,0.4571,0.000475
forecourt,main-front,3,1.988,1.986,208.101,0.4572,0.000475
forecourt,main-front,3,2.485,2.482,208.126,0.4574,0.000475
forecourt,main-front,3,2.982,2.978,208.151,0.4575,0.000475
forecourt,main-front,3,3.479,3.475,208.176,0.4576,0.000475
forecourt,main-front,3,3.976,3.971,208.201,0.4578,0.000475
forecourt,main-front,3,4.473,4.468,208.227,0.4579,0.000475
forecourt,main-front,3,4.970,4.964,208.252,0.4581,0.000475
forecourt,main-front,3,5.467,5.460,208.277,0.4582,0.000475
forecourt,main-front,3,5.964,5.957,208.302,0.4583,0.000475
forecourt,main-front,3,6.462,6.453,208.327,0.4585,0.000475
forecourt,main-front,3,6.959,6.950,208.353,0.4586,0.000475
forecourt,main-front,3,7.456,7.446,208.378,0.4588,0.000475
forecourt,main-front,3,7.953,7.942,208.403,0.4589,0.000475
forecourt,main-front,3,8.450,8.439,208.428,0.4590,0.000475
forecourt,main-front,3,8.947,8.935,208.453,0.4592,0.000475
forecourt,main-front,3,9.444,9.432,208.478,0.4593,0.000475
forecourt,main-front,3,9.941,9.928,208.504,0.4595,0.000475
forecourt,main-front,3,10.438,10.424,208.529,0.4596,0.000475
forecourt,main-front,3,10.935,10.921,208.554,0.4597,0.000475
forecourt,main-front,3,11.432,11.417,208.579,0.4599,0.000475
forecourt,main-front,3,11.929,11.914,208.604,0.4600,0.000475
forecourt,main-front,3,12.426,12.410,208.629,0.4602,0.000475
forecourt,main-front,3,12.923,12.906,208.655,0.4603,0.000475
forecourt,main-front,3,13.420,13.403,208.680,0.4604,0.000475
forecourt,main-front,3,13.917,13.899,208.705,0.4606,0.000475
forecourt,main-front,3,14.414,14.396,208.730,0.4607,0.000475
forecourt,main-front,3,14.911,14.892,208.755,0.4609,0.000475
forecourt,main-front,3,15.408,15.388,208.781,0.4610,0.000475
forecourt,main-front,3,15.905,15.885,208.806,0.4611,0.000475
forecourt,main-front,3,16.402,16.381,208.831,0.4613,0.000475
forecourt,main-front,3,16.899,16.878,208.856,0.4614,0.000475
forecourt,main-front,3,17.396,17.374,208.881,0.4616,0.000475
forecourt,main-front,3,17.893,17.871,208.906,0.4617,0.000475
forecourt,main-front,3,18.391,18.367,208.932,0.4618,0.000475
forecourt,main-front,3,18.888,18.863,208.957,0.4620,0.000475
forecourt,main-front,3,19.385,19.360,208.982,0.4621,0.000475
forecourt,main-front,3,19.882,19.856,209.007,0.4623,0.000475
forecourt,main-front,3,20.379,20.353,209.032,0.4624,0.000475
forecourt,main-front,3,20.876,20.849,209.058,0.4626,0.000475
forecourt,main-front,3,21.373,21.345,209.083,0.4627,0.000475
forecourt,main-front,3,21.870,21.842,209.108,0.4629,0.000475
forecourt,main-front,3,22.367,22.338,209.133,0.4630,0.000475
forecourt,main-front,3,22.864,22.835,209.158,0.4632,0.000475
forecourt,main-front,3,23.361,23.331,209.183,0.4633,0.000475
forecourt,main-front,3,23.858,23.827,209.209,0.4635,0.000475
forecourt,main-front,3,24.355,24.324,209.234,0.4637,0.000475
forecourt,main-front,3,24.852,24.820,209.259,0.4639,0.000475
forecourt,main-front,3,25.349,25.317,209.284,0.4640,0.000475
forecourt,main-front,3,25.846,25.813,209.309,0.4642,0.000475
forecourt,main-front,3,26.343,26.309,209.335,0.4644,0.000475
forecourt,main-front,3,26.840,26.806,209.360,0.4646,0.000475
forecourt,main-front,3,27.337,27.302,209.385,0.4648,0.000475
forecourt,main-front,3,27.834,27.799,209.410,0.4650,0.000475
forecourt,main-front,3,28.331,28.295,209.435,0.4652,0.000475
forecourt,main-front,3,28.828,28.791,209.460,0.4654,0.000475
forecourt,main-front,3,29.325,29.288,209.486,0.4656,0.000475
forecourt,main-front,3,29.822,29.784,209.511,0.4658,0.000475
forecourt,main-front,3,30.320,30.281,209.536,0.4660,0.000475
forecourt,main-front,3,30.817,30.777,209.561,0.4662,0.000475
forecourt,main-front,3,31.314,31.273,209.586,0.4664,0.000475
forecourt,main-front,3,31.811,31.770,209.612,0.4666,0.000475
forecourt,main-front,3,32.308,32.266,209.637,0.4668,0.000475
forecourt,main-front,3,32.805,32.763,209.662,0.4671,0.000475
forecourt,main-front,3,33.302,33.259,209.687,0.4673,0.000475
forecourt,main-front,3,33.799,33.755,209.712,0.4675,0.000475
forecourt,main-front,3,34.296,34.252,209.737,0.4677,0.000475
forecourt,main-front,3,34.793,34.748,209.763,0.4679,0.000475
forecourt,main-front,3,35.290,35.245,209.788,0.4682,0.000475
forecourt,main-front,3,35.787,35.741,209.813,0.4684,0.000475
forecourt,main-front,3,36.284,36.237,209.838,0.4686,0.000475
forecourt,main-front,3,36.781,36.734,209.863,0.4688,0.000475
forecourt,main-front,3,37.278,37.230,209.888,0.4691,0.000475
forecourt,main-front,3,37.775,37.727,209.914,0.4693,0.000475
forecourt,main-front,3,38.272,38.223,209.939,0.4695,0.000475
forecourt,main-front,3,38.769,38.719,209.964,0.4698,0.000475
forecourt,main-front,3,39.266,39.216,209.989,0.4700,0.000475
forecourt,main-front,3,39.763,39.712,210.014,0.4702,0.000475
forecourt,main-front,3,40.260,40.209,210.040,0.4705,0.000475
forecourt,main-front,3,40.757,40.705,210.065,0.4707,0.000475
forecourt,main-front,3,41.254,41.201,210.090,0.4709,0.000475
forecourt,main-front,3,41.751,41.698,210.115,0.4712,0.000475
forecourt,main-front,3,42.248,42.194,210.140,0.4714,0.000475
forecourt,main-front,3,42.746,42.691,210.165,0.4716,0.000475
forecourt,main-front,3,43.243,43.187,210.191,0.4719,0.000475
forecourt,main-front,3,43.740,43.683,210.216,0.4721,0.000475
forecourt,main-front,3,44.237,44.180,210.241,0.4723,0.000475
forecourt,main-front,3,44.734,44.676,210.266,0.4726,0.000475
forecourt,main-front,3,45.231,45.173,210.291,0.4728,0.000475
forecourt,main-front,3,45.728,45.669,210.317,0.4730,0.000475
forecourt,main-front,3,46.225,46.165,210.342,0.4733,0.000475
forecourt,main-front,3,46.722,46.662,210.367,0.4735,0.000475
forecourt,main-front,3,47.219,47.158,210.392,0.4738,0.000475
forecourt,main-front,3,47.716,47.655,210.417,0.4740,0.000475
forecourt,main-front,3,48.213,48.151,210.442,0.4742,0.000475
forecourt,main-front,3,48.710,48.647,210.468,0.4745,0.000475
forecourt,main-front,3,49.207,49.144,210.493,0.4747,0.000475
forecourt,main-front,3,49.704,49.640,210.518,0.4749,0.000475
forecourt,main-front,3,50.201,50.137,210.543,0.4752,0.000475
forecourt,main-front,3,50.698,50.633,210.568,0.4754,0.000475
forecourt,main-front,3,51.195,51.129,210.594,0.4756,0.000475
forecourt,main-front,3,51.692,51.626,210.619,0.4758,0.000475
forecourt,main-front,3,52.189,52.122,210.644,0.4761,0.000475
forecourt,main-front,3,52.686,52.619,210.669,0.4763,0.000475
forecourt,main-front,3,53.183,53.115,210.694,0.4765,0.000475
forecourt,main-front,3,53.680,53.612,210.719,0.4768,0.000475
forecourt,main-front,3,54.177,54.108,210.745,0.4770,0.000475
forecourt,main-front,3,54.675,54.604,210.770,0.4772,0.000475
forecourt,main-front,3,55.172,55.101,210.795,0.4774,0.000475
forecourt,main-front,3,55.669,55.597,210.820,0.4777,0.000475
forecourt,main-front,3,56.166,56.094,210.845,0.4779,0.000475
forecourt,main-front,3,56.663,56.590,210.871,0.4781,0.000475
forecourt,main-front,3,57.160,57.086,210.896,0.4783,0.000475
forecourt,main-front,3,57.657,57.583,210.921,0.4785,0.000475
forecourt,main-front,3,58.154,58.079,210.946,0.4787,0.000475
forecourt,main-front,3,58.651,58.576,210.971,0.4790,0.000475
forecourt,main-front,3,59.148,59.072,210.996,0.4792,0.000475
forecourt,main-front,3,59.645,59.568,211.022,0.4794,0.000475
forecourt,main-front,3,60.142,60.065,211.047,0.4796,0.000475
forecourt,main-front,3,60.639,60.561,211.072,0.4798,0.000475
forecourt,main-front,3,61.136,61.058,211.097,0.4800,0.000475
forecourt,main-front,3,61.633,61.554,211.122,0.4802,0.000475
forecourt,main-front,3,62.130,62.050,211.147,0.4804,0.000475
forecourt,main-front,3,62.627,62.547,211.173,0.4806,0.000475
forecourt,main-front,3,63.124,63.043,211.198,0.4808,0.000475
forecourt,main-front,3,63.621,63.540,211.223,0.4810,0.000475
forecourt,main-front,3,64.118,64.036,211.248,0.4812,0.000475
forecourt,main-front,3,64.615,64.532,211.273,0.4814,0.000475
forecourt,main-front,3,65.112,65.029,211.299,0.4816,0.000475
forecourt,main-front,3,65.609,65.525,211.324,0.4818,0.000475
forecourt,main-front,3,66.106,66.022,211.349,0.4820,0.000475
forecourt,main-front,3,66.604,66.518,211.374,0.4822,0.000475
forecourt,main-front,3,67.101,67.014,211.399,0.4823,0.000475
forecourt,main-front,3,67.598,67.511,211.424,0.4825,0.000475
forecourt,main-front,3,68.095,68.007,211.450,0.4827,0.000475
forecourt,main-front,3,68.592,68.504,211.475,0.4829,0.000475
forecourt,main-front,3,69.089,69.000,211.500,0.4831,0.000475
main-front,east-front,3,0.000,69.000,211.500,0.4831,0.007542
main-front,east-front,3,0.497,69.496,211.471,0.4829,0.007542
main-front,east-front,3,0.993,69.992,211.442,0.4826,0.007542
main-front,east-front,3,1.490,70.488,211.413,0.4824,0.007542
main-front,east-front,3,1.987,70.983,211.384,0.4822,0.007542
main-front,east-front,3,2.484,71.479,211.355,0.4820,0.007542
main-front,east-front,3,2.980,71.975,211.326,0.4818,0.007542
main-front,east-front,3,3.477,72.471,211.298,0.4816,0.007542
main-front,east-front,3,3.974,72.967,211.269,0.4814,0.007542
main-front,east-front,3,4.470,73.463,211.240,0.4811,0.007542
main-front,east-front,3,4.967,73.959,211.211,0.4809,0.007542
main-front,east-front,3,5.464,74.455,211.182,0.4807,0.007542
main-front,east-front,3,5.961,74.950,211.153,0.4805,0.007542
main-front,east-front,3,6.457,75.446,211.124,0.4802,0.007542
main-front,east-front,3,6.954,75.942,211.095,0.4800,0.007542
main-front,east-front,3,7.451,76.438,211.066,0.4798,0.007542
main-front,east-front,3,7.947,76.934,211.037,0.4795,0.007542
main-front,east-front,3,8.444,77.430,211.008,0.4793,0.007542
main-front,east-front,3,8.941,77.926,210.979,0.4790,0.007542
main-front,east-front,3,9.438,78.421,210.950,0.4788,0.007542
main-front,east-front,3,9.934,78.917,210.921,0.4785,0.007542
main-front,east-front,3,10.431,79.413,210.893,0.4783,0.007542
main-front,east-front,3,10.928,79.909,210.864,0.4780,0.007542
main-front,east-front,3,11.424,80.405,210.835,0.4778,0.007542
main-front,east-front,3,11.921,80.901,210.806,0.4775,0.007542
main-front,east-front,3,12.418,81.397,210.777,0.4773,0.007542
main-front,east-front,3,12.914,81.893,210.748,0.4770,0.007542
main-front,east-front,3,13.411,82.388,210.719,0.4768,0.007542
main-front,east-front,3,13.908,82.884,210.690,0.4765,0.007542
main-front,east-front,3,14.405,83.380,210.661,0.4762,0.007542
main-front,east-front,3,14.901,83.876,210.632,0.4760,0.007542
main-front,east-front,3,15.398,84.372,210.603,0.4757,0.007542
main-front,east-front,3,15.895,84.868,210.574,0.4754,0.007542
main-front,east-front,3,16.391,85.364,210.545,0.4752,0.007542
main-front,east-front,3,16.888,85.860,210.517,0.4749,0.007542
main-front,east-front,3,17.385,86.355,210.488,0.4746,0.007542
main-front,east-front,3,17.882,86.851,210.459,0.4744,0.007542
main-front,east-front,3,18.378,87.347,210.430,0.4741,0.007542
main-front,east-front,3,18.875,87.843,210.401,0.4738,0.007542
main-front,east-front,3,19.372,88.339,210.372,0.4736,0.007542
main-front,east-front,3,19.868,88.835,210.343,0.4733,0.007542
main-front,east-front,3,20.365,89.331,210.314,0.4730,0.007542
main-front,east-front,3,20.862,89.826,210.285,0.4728,0.007542
main-front,east-front,3,21.359,90.322,210.256,0.4725,0.007542
main-front,east-front,3,21.855,90.818,210.227,0.4722,0.007542
main-front,east-front,3,22.352,91.314,210.198,0.4719,0.007542
main-front,east-front,3,22.849,91.810,210.169,0.4717,0.007542
main-front,east-front,3,23.345,92.306,210.140,0.4714,0.007542
main-front,east-front,3,23.842,92.802,210.112,0.4711,0.007542
main-front,east-front,3,24.339,93.298,210.083,0.4709,0.007542
main-front,east-front,3,24.836,93.793,210.054,0.4706,0.007542
main-front,east-front,3,25.332,94.289,210.025,0.4703,0.007542
main-front,east-front,3,25.829,94.785,209.996,0.4701,0.007542
main-front,east-front,3,26.326,95.281,209.967,0.4698,0.007542
main-front,east-front,3,26.822,95.777,209.938,0.4695,0.007542
main-front,east-front,3,27.319,96.273,209.909,0.4693,0.007542
main-front,east-front,3,27.816,96.769,209.880,0.4690,0.007542
main-front,east-front,3,28.313,97.264,209.851,0.4687,0.007542
main-front,east-front,3,28.809,97.760,209.822,0.4685,0.007542
main-front,east-front,3,29.306,98.256,209.793,0.4682,0.007542
main-front,east-front,3,29.803,98.752,209.764,0.4680,0.007542
main-front,east-front,3,30.299,99.248,209.736,0.4677,0.007542
main-front,east-front,3,30.796,99.744,209.707,0.4674,0.007542
main-front,east-front,3,31.293,100.240,209.678,0.4672,0.007542
main-front,east-front,3,31.789,100.736,209.649,0.4669,0.007542
main-front,east-front,3,32.286,101.231,209.620,0.4667,0.007542
main-front,east-front,3,32.783,101.727,209.591,0.4665,0.007542
main-front,east-front,3,33.280,102.223,209.562,0.4662,0.007542
main-front,east-front,3,33.776,102.719,209.533,0.4660,0.007542
main-front,east-front,3,34.273,103.215,209.504,0.4657,0.007542
main-front,east-front,3,34.770,103.711,209.475,0.4655,0.007542
main-front,east-front,3,35.266,104.207,209.446,0.4653,0.007542
main-front,east-front,3,35.763,104.702,209.417,0.4650,0.007542
main-front,east-front,3,36.260,105.198,209.388,0.4648,0.007542
main-front,east-front,3,36.757,105.694,209.360,0.4646,0.007542
main-front,east-front,3,37.253,106.190,209.331,0.4644,0.007542
main-front,east-front,3,37.750,106.686,209.302,0.4642,0.007542
main-front,east-front,3,38.247,107.182,209.273,0.4640,0.007542
main-front,east-front,3,38.743,107.678,209.244,0.4638,0.007542
main-front,east-front,3,39.240,108.174,209.215,0.4636,0.007542
main-front,east-front,3,39.737,108.669,209.186,0.4634,0.007542
main-front,east-front,3,40.234,109.165,209.157,0.4632,0.007542
main-front,east-front,3,40.730,109.661,209.128,0.4630,0.007542
main-front,east-front,3,41.227,110.157,209.099,0.4628,0.007542
main-front,east-front,3,41.724,110.653,209.070,0.4626,0.007542
main-front,east-front,3,42.220,111.149,209.041,0.4625,0.007542
main-front,east-front,3,42.717,111.645,209.012,0.4623,0.007542
main-front,east-front,3,43.214,112.140,208.983,0.4621,0.007542
main-front,east-front,3,43.711,112.636,208.955,0.4619,0.007542
main-front,east-front,3,44.207,113.132,208.926,0.4617,0.007542
main-front,east-front,3,44.704,113.628,208.897,0.4615,0.007542
main-front,east-front,3,45.201,114.124,208.868,0.4612,0.007542
main-front,east-front,3,45.697,114.620,208.839,0.4610,0.007542
main-front,east-front,3,46.194,115.116,208.810,0.4607,0.007542
main-front,east-front,3,46.691,115.612,208.781,0.4603,0.007542
main-front,east-front,3,47.188,116.107,208.752,0.4600,0.007542
main-front,east-front,3,47.684,116.603,208.723,0.4596,0.007542
main-front,east-front,3,48.181,117.099,208.694,0.4592,0.007542
main-front,east-front,3,48.678,117.595,208.665,0.4588,0.007542
main-front,east-front,3,49.174,118.091,208.636,0.4584,0.007542
main-front,east-front,3,49.671,118.587,208.607,0.4579,0.007542
main-front,east-front,3,50.168,119.083,208.579,0.4575,0.007542
main-front,east-front,3,50.664,119.579,208.550,0.4582,0.007542
main-front,east-front,3,51.161,120.074,208.521,0.4606,0.007542
main-front,east-front,3,51.658,120.570,208.492,0.4639,0.007542
main-front,east-front,3,52.155,121.066,208.463,0.4676,0.007542
main-front,east-front,3,52.651,121.562,208.434,0.4712,0.007542
main-front,east-front,3,53.148,122.058,208.405,0.4749,0.007542
main-front,east-front,3,53.645,122.554,208.376,0.4787,0.007542
main-front,east-front,3,54.141,123.050,208.347,0.4822,0.007542
main-front,east-front,3,54.638,123.545,208.318,0.4853,0.007542
main-front,east-front,3,55.135,124.041,208.289,0.4878,0.007542
main-front,east-front,3,55.632,124.537,208.260,0.4895,0.007542
main-front,east-front,3,56.128,125.033,208.231,0.4900,0.007542
main-front,east-front,3,56.625,125.529,208.202,0.4900,0.007542
main-front,east-front,3,57.122,126.025,208.174,0.4900,0.007542
main-front,east-front,3,57.618,126.521,208.145,0.4900,0.007542
main-front,east-front,3,58.115,127.017,208.116,0.4900,0.007542
main-front,east-front,3,58.612,127.512,208.087,0.4900,0.007542
main-front,east-front,3,59.109,128.008,208.058,0.4900,0.007542
main-front,east-front,3,59.605,128.504,208.029,0.4900,0.007542
main-front,east-front,3,60.102,129.000,208.000,0.4900,0.007542
east-front,science-entry,3,0.000,129.000,208.000,0.4900,0.000000
east-front,science-entry,3,0.500,129.429,207.743,0.4900,0.000000
east-front,science-entry,3,1.000,129.857,207.486,0.4900,0.000000
east-front,science-entry,3,1.499,130.286,207.229,0.4900,0.000000
east-front,science-entry,3,1.999,130.714,206.971,0.4900,0.000000
east-front,science-entry,3,2.499,131.143,206.714,0.4900,0.000000
east-front,science-entry,3,2.999,131.571,206.457,0.4900,0.000000
east-front,science-entry,3,3.499,132.000,206.200,0.4900,0.000000
east-front,science-entry,3,3.998,132.429,205.943,0.4900,0.000000
east-front,science-entry,3,4.498,132.857,205.686,0.4900,0.000000
east-front,science-entry,3,4.998,133.286,205.429,0.4900,0.000000
east-front,science-entry,3,5.498,133.714,205.171,0.4900,0.000000
east-front,science-entry,3,5.998,134.143,204.914,0.4900,0.000000
east-front,science-entry,3,6.497,134.571,204.657,0.4900,0.000000
east-front,science-entry,3,6.997,135.000,204.400,0.4900,0.000000
east-front,science-entry,3,7.497,135.429,204.143,0.4900,0.000000
east-front,science-entry,3,7.997,135.857,203.886,0.4900,0.000000
east-front,science-entry,3,8.497,136.286,203.629,0.4900,0.000000
east-front,science-entry,3,8.996,136.714,203.371,0.4900,0.000000
east-front,science-entry,3,9.496,137.143,203.114,0.4900,0.000000
east-front,science-entry,3,9.996,137.571,202.857,0.4900,0.000000
east-front,science-entry,3,10.496,138.000,202.600,0.4900,0.000000
east-front,science-entry,3,10.996,138.429,202.343,0.4900,0.000000
east-front,science-entry,3,11.495,138.857,202.086,0.4900,0.000000
east-front,science-entry,3,11.995,139.286,201.829,0.4900,0.000000
east-front,science-entry,3,12.495,139.714,201.571,0.4900,0.000000
east-front,science-entry,3,12.995,140.143,201.314,0.4900,0.000000
east-front,science-entry,3,13.494,140.571,201.057,0.4900,0.000000
east-front,science-entry,3,13.994,141.000,200.800,0.4900,0.000000
east-front,science-entry,3,14.494,141.429,200.543,0.4900,0.000000
east-front,science-entry,3,14.994,141.857,200.286,0.4900,0.000000
east-front,science-entry,3,15.494,142.286,200.029,0.4900,0.000000
east-front,science-entry,3,15.993,142.714,199.771,0.4900,0.000000
east-front,science-entry,3,16.493,143.143,199.514,0.4900,0.000000
east-front,science-entry,3,16.993,143.571,199.257,0.4900,0.000000
east-front,science-entry,3,17.493,144.000,199.000,0.4900,0.000000
east-front,east-mid,3,0.000,129.000,208.000,0.4900,0.039239
east-front,east-mid,3,0.496,129.172,207.534,0.4900,0.039239
east-front,east-mid,3,0.993,129.345,207.069,0.4900,0.039239
east-front,east-mid,3,1.489,129.517,206.603,0.4900,0.039239
east-front,east-mid,3,1.986,129.690,206.138,0.4900,0.039239
east-front,east-mid,3,2.482,129.862,205.672,0.4900,0.039239
east-front,east-mid,3,2.979,130.034,205.207,0.4900,0.039239
east-front,east-mid,3,3.475,130.207,204.741,0.4900,0.039239
east-front,east-mid,3,3.971,130.379,204.276,0.4900,0.039239
east-front,east-mid,3,4.468,130.552,203.810,0.4900,0.039239
east-front,east-mid,3,4.964,130.724,203.345,0.4900,0.039239
east-front,east-mid,3,5.461,130.897,202.879,0.4900,0.039239
east-front,east-mid,3,5.957,131.069,202.414,0.4900,0.039239
east-front,east-mid,3,6.453,131.241,201.948,0.4900,0.039239
east-front,east-mid,3,6.950,131.414,201.483,0.4900,0.039239
east-front,east-mid,3,7.446,131.586,201.017,0.4900,0.039239
east-front,east-mid,3,7.943,131.759,200.552,0.4900,0.039239
east-front,east-mid,3,8.439,131.931,200.086,0.4900,0.039239
east-front,east-mid,3,8.936,132.103,199.621,0.4900,0.039239
east-front,east-mid,3,9.432,132.276,199.155,0.4900,0.039239
east-front,east-mid,3,9.928,132.448,198.690,0.4900,0.039239
east-front,east-mid,3,10.425,132.621,198.224,0.4900,0.039239
east-front,east-mid,3,10.921,132.793,197.759,0.4900,0.039239
east-front,east-mid,3,11.418,132.966,197.293,0.4900,0.039239
east-front,east-mid,3,11.914,133.138,196.828,0.4900,0.039239
east-front,east-mid,3,12.411,133.310,196.362,0.4900,0.039239
east-front,east-mid,3,12.907,133.483,195.897,0.4900,0.039239
east-front,east-mid,3,13.403,133.655,195.431,0.4900,0.039239
east-front,east-mid,3,13.900,133.828,194.966,0.4900,0.039239
east-front,east-mid,3,14.396,134.000,194.500,0.4900,0.039239
east-front,east-mid,3,14.893,134.172,194.034,0.4900,0.039239
east-front,east-mid,3,15.389,134.345,193.569,0.4900,0.039239
east-front,east-mid,3,15.885,134.517,193.103,0.4900,0.039239
east-front,east-mid,3,16.382,134.690,192.638,0.4900,0.039239
east-front,east-mid,3,16.878,134.862,192.172,0.4900,0.039239
east-front,east-mid,3,17.375,135.034,191.707,0.4900,0.039239
east-front,east-mid,3,17.871,135.207,191.241,0.4900,0.039239
east-front,east-mid,3,18.368,135.379,190.776,0.4900,0.039239
east-front,east-mid,3,18.864,135.552,190.310,0.4900,0.039239
east-front,east-mid,3,19.360,135.724,189.845,0.4900,0.039239
east-front,east-mid,3,19.857,135.897,189.379,0.4900,0.039239
east-front,east-mid,3,20.353,136.069,188.914,0.4899,0.039239
east-front,east-mid,3,20.850,136.241,188.448,0.4866,0.039239
east-front,east-mid,3,21.346,136.414,187.983,0.4789,0.039239
east-front,east-mid,3,21.842,136.586,187.517,0.4675,0.039239
east-front,east-mid,3,22.339,136.759,187.052,0.4529,0.039239
east-front,east-mid,3,22.835,136.931,186.586,0.4359,0.039239
east-front,east-mid,3,23.332,137.103,186.121,0.4172,0.039239
east-front,east-mid,3,23.828,137.276,185.655,0.3977,0.039239
east-front,east-mid,3,24.325,137.448,185.190,0.3783,0.039239
east-front,east-mid,3,24.821,137.621,184.724,0.3599,0.039239
east-front,east-mid,3,25.317,137.793,184.259,0.3435,0.039239
east-front,east-mid,3,25.814,137.966,183.793,0.3302,0.039239
east-front,east-mid,3,26.310,138.138,183.328,0.3211,0.039239
east-front,east-mid,3,26.807,138.310,182.862,0.3170,0.039239
east-front,east-mid,3,27.303,138.483,182.397,0.3144,0.039239
east-front,east-mid,3,27.800,138.655,181.931,0.3118,0.039239
east-front,east-mid,3,28.296,138.828,181.466,0.3093,0.039239
east-front,east-mid,3,28.792,139.000,181.000,0.3067,0.039239
east-mid,canteen-entry,3,0.000,139.000,181.000,0.3067,0.005823
east-mid,canteen-entry,3,0.494,139.051,180.508,0.3039,0.005823
east-mid,canteen-entry,3,0.988,139.102,180.017,0.3012,0.005823
east-mid,canteen-entry,3,1.482,139.153,179.525,0.2985,0.005823
east-mid,canteen-entry,3,1.977,139.203,179.034,0.2957,0.005823
east-mid,canteen-entry,3,2.471,139.254,178.542,0.2930,0.005823
east-mid,canteen-entry,3,2.965,139.305,178.051,0.2903,0.005823
east-mid,canteen-entry,3,3.459,139.356,177.559,0.2876,0.005823
east-mid,canteen-entry,3,3.953,139.407,177.068,0.2848,0.005823
east-mid,canteen-entry,3,4.447,139.458,176.576,0.2821,0.005823
east-mid,canteen-entry,3,4.941,139.508,176.085,0.2794,0.005823
east-mid,canteen-entry,3,5.436,139.559,175.593,0.2766,0.005823
east-mid,canteen-entry,3,5.930,139.610,175.102,0.2739,0.005823
east-mid,canteen-entry,3,6.424,139.661,174.610,0.2712,0.005823
east-mid,canteen-entry,3,6.918,139.712,174.119,0.2684,0.005823
east-mid,canteen-entry,3,7.412,139.763,173.627,0.2657,0.005823
east-mid,canteen-entry,3,7.906,139.814,173.136,0.2630,0.005823
east-mid,canteen-entry,3,8.401,139.864,172.644,0.2602,0.005823
east-mid,canteen-entry,3,8.895,139.915,172.153,0.2575,0.005823
east-mid,canteen-entry,3,9.389,139.966,171.661,0.2548,0.005823
east-mid,canteen-entry,3,9.883,140.017,171.169,0.2521,0.005823
east-mid,canteen-entry,3,10.377,140.068,170.678,0.2493,0.005823
east-mid,canteen-entry,3,10.871,140.119,170.186,0.2464,0.005823
east-mid,canteen-entry,3,11.365,140.169,169.695,0.2436,0.005823
east-mid,canteen-entry,3,11.860,140.220,169.203,0.2410,0.005823
east-mid,canteen-entry,3,12.354,140.271,168.712,0.2387,0.005823
east-mid,canteen-entry,3,12.848,140.322,168.220,0.2369,0.005823
east-mid,canteen-entry,3,13.342,140.373,167.729,0.2355,0.005823
east-mid,canteen-entry,3,13.836,140.424,167.237,0.2347,0.005823
east-mid,canteen-entry,3,14.330,140.475,166.746,0.2343,0.005823
east-mid,canteen-entry,3,14.824,140.525,166.254,0.2345,0.005823
east-mid,canteen-entry,3,15.319,140.576,165.763,0.2350,0.005823
east-mid,canteen-entry,3,15.813,140.627,165.271,0.2359,0.005823
east-mid,canteen-entry,3,16.307,140.678,164.780,0.2370,0.005823
east-mid,canteen-entry,3,16.801,140.729,164.288,0.2382,0.005823
east-mid,canteen-entry,3,17.295,140.780,163.797,0.2392,0.005823
east-mid,canteen-entry,3,17.789,140.831,163.305,0.2399,0.005823
east-mid,canteen-entry,3,18.283,140.881,162.814,0.2400,0.005823
east-mid,canteen-entry,3,18.778,140.932,162.322,0.2400,0.005823
east-mid,canteen-entry,3,19.272,140.983,161.831,0.2400,0.005823
east-mid,canteen-entry,3,19.766,141.034,161.339,0.2400,0.005823
east-mid,canteen-entry,3,20.260,141.085,160.847,0.2400,0.005823
east-mid,canteen-entry,3,20.754,141.136,160.356,0.2400,0.005823
east-mid,canteen-entry,3,21.248,141.186,159.864,0.2400,0.005823
east-mid,canteen-entry,3,21.743,141.237,159.373,0.2400,0.005823
east-mid,canteen-entry,3,22.237,141.288,158.881,0.2400,0.005823
east-mid,canteen-entry,3,22.731,141.339,158.390,0.2400,0.005823
east-mid,canteen-entry,3,23.225,141.390,157.898,0.2400,0.005823
east-mid,canteen-entry,3,23.719,141.441,157.407,0.2400,0.005823
east-mid,canteen-entry,3,24.213,141.492,156.915,0.2400,0.005823
east-mid,canteen-entry,3,24.707,141.542,156.424,0.2400,0.005823
east-mid,canteen-entry,3,25.202,141.593,155.932,0.2400,0.005823
east-mid,canteen-entry,3,25.696,141.644,155.441,0.2400,0.005823
east-mid,canteen-entry,3,26.190,141.695,154.949,0.2400,0.005823
east-mid,canteen-entry,3,26.684,141.746,154.458,0.2400,0.005823
east-mid,canteen-entry,3,27.178,141.797,153.966,0.2400,0.005823
east-mid,canteen-entry,3,27.672,141.847,153.475,0.2400,0.005823
east-mid,canteen-entry,3,28.166,141.898,152.983,0.2400,0.005823
east-mid,canteen-entry,3,28.661,141.949,152.492,0.2400,0.005823
east-mid,canteen-entry,3,29.155,142.000,152.000,0.2400,0.005823
east-bottom,longya-entry,2.4,0.000,129.000,239.000,0.4900,0.000000
east-bottom,longya-entry,2.4,0.488,129.000,239.488,0.4900,0.000000
east-bottom,longya-entry,2.4,0.975,129.000,239.975,0.4900,0.000000
east-bottom,longya-entry,2.4,1.463,129.000,240.463,0.4900,0.000000
east-bottom,longya-entry,2.4,1.950,129.000,240.950,0.4900,0.000000
east-bottom,longya-entry,2.4,2.438,129.000,241.438,0.4900,0.000000
east-bottom,longya-entry,2.4,2.925,129.000,241.925,0.4900,0.000000
east-bottom,longya-entry,2.4,3.413,129.000,242.412,0.4900,0.000000
east-bottom,longya-entry,2.4,3.900,129.000,242.900,0.4900,0.000000
east-bottom,longya-entry,2.4,4.388,129.000,243.388,0.4900,0.000000
east-bottom,longya-entry,2.4,4.875,129.000,243.875,0.4900,0.000000
east-bottom,longya-entry,2.4,5.363,129.000,244.363,0.4900,0.000000
east-bottom,longya-entry,2.4,5.850,129.000,244.850,0.4900,0.000000
east-bottom,longya-entry,2.4,6.338,129.000,245.338,0.4900,0.000000
east-bottom,longya-entry,2.4,6.825,129.000,245.825,0.4900,0.000000
east-bottom,longya-entry,2.4,7.313,129.000,246.313,0.4900,0.000000
east-bottom,longya-entry,2.4,7.800,129.000,246.800,0.4900,0.000000
side-branch,side-front-turn,2.4,0.000,23.000,22.000,0.0400,0.000000
side-branch,side-front-turn,2.4,0.500,23.498,22.049,0.0400,0.000000
side-branch,side-front-turn,2.4,1.000,23.995,22.098,0.0400,0.000000
side-branch,side-front-turn,2.4,1.500,24.493,22.146,0.0400,0.000000
side-branch,side-front-turn,2.4,2.000,24.990,22.195,0.0400,0.000000
side-branch,side-front-turn,2.4,2.500,25.488,22.244,0.0400,0.000000
side-branch,side-front-turn,2.4,3.000,25.985,22.293,0.0400,0.000000
side-branch,side-front-turn,2.4,3.500,26.483,22.341,0.0400,0.000000
side-branch,side-front-turn,2.4,4.000,26.980,22.390,0.0400,0.000000
side-branch,side-front-turn,2.4,4.500,27.478,22.439,0.0400,0.000000
side-branch,side-front-turn,2.4,4.999,27.976,22.488,0.0400,0.000000
side-branch,side-front-turn,2.4,5.499,28.473,22.537,0.0400,0.000000
side-branch,side-front-turn,2.4,5.999,28.971,22.585,0.0400,0.000000
side-branch,side-front-turn,2.4,6.499,29.468,22.634,0.0400,0.000000
side-branch,side-front-turn,2.4,6.999,29.966,22.683,0.0400,0.000000
side-branch,side-front-turn,2.4,7.499,30.463,22.732,0.0400,0.000000
side-branch,side-front-turn,2.4,7.999,30.961,22.780,0.0400,0.000000
side-branch,side-front-turn,2.4,8.499,31.459,22.829,0.0400,0.000000
side-branch,side-front-turn,2.4,8.999,31.956,22.878,0.0400,0.000000
side-branch,side-front-turn,2.4,9.499,32.454,22.927,0.0400,0.000000
side-branch,side-front-turn,2.4,9.999,32.951,22.976,0.0400,0.000000
side-branch,side-front-turn,2.4,10.499,33.449,23.024,0.0400,0.000000
side-branch,side-front-turn,2.4,10.999,33.946,23.073,0.0400,0.000000
side-branch,side-front-turn,2.4,11.499,34.444,23.122,0.0400,0.000000
side-branch,side-front-turn,2.4,11.999,34.941,23.171,0.0400,0.000000
side-branch,side-front-turn,2.4,12.499,35.439,23.220,0.0400,0.000000
side-branch,side-front-turn,2.4,12.999,35.937,23.268,0.0400,0.000000
side-branch,side-front-turn,2.4,13.499,36.434,23.317,0.0400,0.000000
side-branch,side-front-turn,2.4,13.999,36.932,23.366,0.0400,0.000000
side-branch,side-front-turn,2.4,14.498,37.429,23.415,0.0400,0.000000
side-branch,side-front-turn,2.4,14.998,37.927,23.463,0.0400,0.000000
side-branch,side-front-turn,2.4,15.498,38.424,23.512,0.0400,0.000000
side-branch,side-front-turn,2.4,15.998,38.922,23.561,0.0400,0.000000
side-branch,side-front-turn,2.4,16.498,39.420,23.610,0.0400,0.000000
side-branch,side-front-turn,2.4,16.998,39.917,23.659,0.0400,0.000000
side-branch,side-front-turn,2.4,17.498,40.415,23.707,0.0400,0.000000
side-branch,side-front-turn,2.4,17.998,40.912,23.756,0.0400,0.000000
side-branch,side-front-turn,2.4,18.498,41.410,23.805,0.0400,0.000000
side-branch,side-front-turn,2.4,18.998,41.907,23.854,0.0400,0.000000
side-branch,side-front-turn,2.4,19.498,42.405,23.902,0.0400,0.000000
side-branch,side-front-turn,2.4,19.998,42.902,23.951,0.0400,0.000000
side-branch,side-front-turn,2.4,20.498,43.400,24.000,0.0400,0.000000
side-branch,side-front-turn,2.4,20.998,43.898,24.049,0.0400,0.000000
side-branch,side-front-turn,2.4,21.498,44.395,24.098,0.0400,0.000000
side-branch,side-front-turn,2.4,21.998,44.893,24.146,0.0400,0.000000
side-branch,side-front-turn,2.4,22.498,45.390,24.195,0.0400,0.000000
side-branch,side-front-turn,2.4,22.998,45.888,24.244,0.0400,0.000000
side-branch,side-front-turn,2.4,23.497,46.385,24.293,0.0400,0.000000
side-branch,side-front-turn,2.4,23.997,46.883,24.341,0.0400,0.000000
side-branch,side-front-turn,2.4,24.497,47.380,24.390,0.0400,0.000000
side-branch,side-front-turn,2.4,24.997,47.878,24.439,0.0400,0.000000
side-branch,side-front-turn,2.4,25.497,48.376,24.488,0.0400,0.000000
side-branch,side-front-turn,2.4,25.997,48.873,24.537,0.0400,0.000000
side-branch,side-front-turn,2.4,26.497,49.371,24.585,0.0400,0.000000
side-branch,side-front-turn,2.4,26.997,49.868,24.634,0.0400,0.000000
side-branch,side-front-turn,2.4,27.497,50.366,24.683,0.0400,0.000000
side-branch,side-front-turn,2.4,27.997,50.863,24.732,0.0400,0.000000
side-branch,side-front-turn,2.4,28.497,51.361,24.780,0.0400,0.000000
side-branch,side-front-turn,2.4,28.997,51.859,24.829,0.0400,0.000000
side-branch,side-front-turn,2.4,29.497,52.356,24.878,0.0400,0.000000
side-branch,side-front-turn,2.4,29.997,52.854,24.927,0.0400,0.000000
side-branch,side-front-turn,2.4,30.497,53.351,24.976,0.0400,0.000000
side-branch,side-front-turn,2.4,30.997,53.849,25.024,0.0400,0.000000
side-branch,side-front-turn,2.4,31.497,54.346,25.073,0.0400,0.000000
side-branch,side-front-turn,2.4,31.997,54.844,25.122,0.0400,0.000000
side-branch,side-front-turn,2.4,32.497,55.341,25.171,0.0400,0.000000
side-branch,side-front-turn,2.4,32.996,55.839,25.220,0.0400,0.000000
side-branch,side-front-turn,2.4,33.496,56.337,25.268,0.0400,0.000000
side-branch,side-front-turn,2.4,33.996,56.834,25.317,0.0400,0.000000
side-branch,side-front-turn,2.4,34.496,57.332,25.366,0.0400,0.000000
side-branch,side-front-turn,2.4,34.996,57.829,25.415,0.0400,0.000000
side-branch,side-front-turn,2.4,35.496,58.327,25.463,0.0400,0.000000
side-branch,side-front-turn,2.4,35.996,58.824,25.512,0.0400,0.000000
side-branch,side-front-turn,2.4,36.496,59.322,25.561,0.0400,0.000000
side-branch,side-front-turn,2.4,36.996,59.820,25.610,0.0400,0.000000
side-branch,side-front-turn,2.4,37.496,60.317,25.659,0.0400,0.000000
side-branch,side-front-turn,2.4,37.996,60.815,25.707,0.0400,0.000000
side-branch,side-front-turn,2.4,38.496,61.312,25.756,0.0400,0.000000
side-branch,side-front-turn,2.4,38.996,61.810,25.805,0.0400,0.000000
side-branch,side-front-turn,2.4,39.496,62.307,25.854,0.0400,0.000000
side-branch,side-front-turn,2.4,39.996,62.805,25.902,0.0400,0.000000
side-branch,side-front-turn,2.4,40.496,63.302,25.951,0.0400,0.000000
side-branch,side-front-turn,2.4,40.996,63.800,26.000,0.0400,0.000000
side-branch,side-front-turn,2.4,41.496,64.298,26.049,0.0400,0.000000
side-branch,side-front-turn,2.4,41.996,64.795,26.098,0.0400,0.000000
side-branch,side-front-turn,2.4,42.495,65.293,26.146,0.0400,0.000000
side-branch,side-front-turn,2.4,42.995,65.790,26.195,0.0400,0.000000
side-branch,side-front-turn,2.4,43.495,66.288,26.244,0.0400,0.000000
side-branch,side-front-turn,2.4,43.995,66.785,26.293,0.0400,0.000000
side-branch,side-front-turn,2.4,44.495,67.283,26.341,0.0400,0.000000
side-branch,side-front-turn,2.4,44.995,67.780,26.390,0.0400,0.000000
side-branch,side-front-turn,2.4,45.495,68.278,26.439,0.0400,0.000000
side-branch,side-front-turn,2.4,45.995,68.776,26.488,0.0400,0.000000
side-branch,side-front-turn,2.4,46.495,69.273,26.537,0.0400,0.000000
side-branch,side-front-turn,2.4,46.995,69.771,26.585,0.0400,0.000000
side-branch,side-front-turn,2.4,47.495,70.268,26.634,0.0400,0.000000
side-branch,side-front-turn,2.4,47.995,70.766,26.683,0.0400,0.000000
side-branch,side-front-turn,2.4,48.495,71.263,26.732,0.0400,0.000000
side-branch,side-front-turn,2.4,48.995,71.761,26.780,0.0400,0.000000
side-branch,side-front-turn,2.4,49.495,72.259,26.829,0.0400,0.000000
side-branch,side-front-turn,2.4,49.995,72.756,26.878,0.0400,0.000000
side-branch,side-front-turn,2.4,50.495,73.254,26.927,0.0400,0.000000
side-branch,side-front-turn,2.4,50.995,73.751,26.976,0.0400,0.000000
side-branch,side-front-turn,2.4,51.494,74.249,27.024,0.0400,0.000000
side-branch,side-front-turn,2.4,51.994,74.746,27.073,0.0400,0.000000
side-branch,side-front-turn,2.4,52.494,75.244,27.122,0.0400,0.000000
side-branch,side-front-turn,2.4,52.994,75.741,27.171,0.0400,0.000000
side-branch,side-front-turn,2.4,53.494,76.239,27.220,0.0400,0.000000
side-branch,side-front-turn,2.4,53.994,76.737,27.268,0.0400,0.000000
side-branch,side-front-turn,2.4,54.494,77.234,27.317,0.0400,0.000000
side-branch,side-front-turn,2.4,54.994,77.732,27.366,0.0400,0.000000
side-branch,side-front-turn,2.4,55.494,78.229,27.415,0.0400,0.000000
side-branch,side-front-turn,2.4,55.994,78.727,27.463,0.0400,0.000000
side-branch,side-front-turn,2.4,56.494,79.224,27.512,0.0400,0.000000
side-branch,side-front-turn,2.4,56.994,79.722,27.561,0.0400,0.000000
side-branch,side-front-turn,2.4,57.494,80.220,27.610,0.0400,0.000000
side-branch,side-front-turn,2.4,57.994,80.717,27.659,0.0400,0.000000
side-branch,side-front-turn,2.4,58.494,81.215,27.707,0.0400,0.000000
side-branch,side-front-turn,2.4,58.994,81.712,27.756,0.0400,0.000000
side-branch,side-front-turn,2.4,59.494,82.210,27.805,0.0400,0.000000
side-branch,side-front-turn,2.4,59.994,82.707,27.854,0.0400,0.000000
side-branch,side-front-turn,2.4,60.494,83.205,27.902,0.0400,0.000000
side-branch,side-front-turn,2.4,60.993,83.702,27.951,0.0400,0.000000
side-branch,side-front-turn,2.4,61.493,84.200,28.000,0.0400,0.000000
side-branch,side-front-turn,2.4,61.993,84.698,28.049,0.0400,0.000000
side-branch,side-front-turn,2.4,62.493,85.195,28.098,0.0400,0.000000
side-branch,side-front-turn,2.4,62.993,85.693,28.146,0.0400,0.000000
side-branch,side-front-turn,2.4,63.493,86.190,28.195,0.0400,0.000000
side-branch,side-front-turn,2.4,63.993,86.688,28.244,0.0400,0.000000
side-branch,side-front-turn,2.4,64.493,87.185,28.293,0.0400,0.000000
side-branch,side-front-turn,2.4,64.993,87.683,28.341,0.0400,0.000000
side-branch,side-front-turn,2.4,65.493,88.180,28.390,0.0400,0.000000
side-branch,side-front-turn,2.4,65.993,88.678,28.439,0.0400,0.000000
side-branch,side-front-turn,2.4,66.493,89.176,28.488,0.0400,0.000000
side-branch,side-front-turn,2.4,66.993,89.673,28.537,0.0400,0.000000
side-branch,side-front-turn,2.4,67.493,90.171,28.585,0.0400,0.000000
side-branch,side-front-turn,2.4,67.993,90.668,28.634,0.0400,0.000000
side-branch,side-front-turn,2.4,68.493,91.166,28.683,0.0400,0.000000
side-branch,side-front-turn,2.4,68.993,91.663,28.732,0.0400,0.000000
side-branch,side-front-turn,2.4,69.493,92.161,28.780,0.0400,0.000000
side-branch,side-front-turn,2.4,69.993,92.659,28.829,0.0400,0.000000
side-branch,side-front-turn,2.4,70.492,93.156,28.878,0.0400,0.000000
side-branch,side-front-turn,2.4,70.992,93.654,28.927,0.0400,0.000000
side-branch,side-front-turn,2.4,71.492,94.151,28.976,0.0400,0.000000
side-branch,side-front-turn,2.4,71.992,94.649,29.024,0.0400,0.000000
side-branch,side-front-turn,2.4,72.492,95.146,29.073,0.0400,0.000000
side-branch,side-front-turn,2.4,72.992,95.644,29.122,0.0400,0.000000
side-branch,side-front-turn,2.4,73.492,96.141,29.171,0.0400,0.000000
side-branch,side-front-turn,2.4,73.992,96.639,29.220,0.0400,0.000000
side-branch,side-front-turn,2.4,74.492,97.137,29.268,0.0400,0.000000
side-branch,side-front-turn,2.4,74.992,97.634,29.317,0.0400,0.000000
side-branch,side-front-turn,2.4,75.492,98.132,29.366,0.0400,0.000000
side-branch,side-front-turn,2.4,75.992,98.629,29.415,0.0400,0.000000
side-branch,side-front-turn,2.4,76.492,99.127,29.463,0.0400,0.000000
side-branch,side-front-turn,2.4,76.992,99.624,29.512,0.0400,0.000000
side-branch,side-front-turn,2.4,77.492,100.122,29.561,0.0400,0.000000
side-branch,side-front-turn,2.4,77.992,100.620,29.610,0.0400,0.000000
side-branch,side-front-turn,2.4,78.492,101.117,29.659,0.0400,0.000000
side-branch,side-front-turn,2.4,78.992,101.615,29.707,0.0400,0.000000
side-branch,side-front-turn,2.4,79.491,102.112,29.756,0.0400,0.000000
side-branch,side-front-turn,2.4,79.991,102.610,29.805,0.0400,0.000000
side-branch,side-front-turn,2.4,80.491,103.107,29.854,0.0400,0.000000
side-branch,side-front-turn,2.4,80.991,103.605,29.902,0.0400,0.000000
side-branch,side-front-turn,2.4,81.491,104.102,29.951,0.0400,0.000000
side-branch,side-front-turn,2.4,81.991,104.600,30.000,0.0400,0.000000
side-branch,side-front-turn,2.4,82.491,105.098,30.049,0.0400,0.000000
side-branch,side-front-turn,2.4,82.991,105.595,30.098,0.0400,0.000000
side-branch,side-front-turn,2.4,83.491,106.093,30.146,0.0400,0.000000
side-branch,side-front-turn,2.4,83.991,106.590,30.195,0.0400,0.000000
side-branch,side-front-turn,2.4,84.491,107.088,30.244,0.0400,0.000000
side-branch,side-front-turn,2.4,84.991,107.585,30.293,0.0400,0.000000
side-branch,side-front-turn,2.4,85.491,108.083,30.341,0.0400,0.000000
side-branch,side-front-turn,2.4,85.991,108.580,30.390,0.0400,0.000000
side-branch,side-front-turn,2.4,86.491,109.078,30.439,0.0400,0.000000
side-branch,side-front-turn,2.4,86.991,109.576,30.488,0.0400,0.000000
side-branch,side-front-turn,2.4,87.491,110.073,30.537,0.0400,0.000000
side-branch,side-front-turn,2.4,87.991,110.571,30.585,0.0400,0.000000
side-branch,side-front-turn,2.4,88.491,111.068,30.634,0.0400,0.000000
side-branch,side-front-turn,2.4,88.990,111.566,30.683,0.0400,0.000000
side-branch,side-front-turn,2.4,89.490,112.063,30.732,0.0400,0.000000
side-branch,side-front-turn,2.4,89.990,112.561,30.780,0.0400,0.000000
side-branch,side-front-turn,2.4,90.490,113.059,30.829,0.0400,0.000000
side-branch,side-front-turn,2.4,90.990,113.556,30.878,0.0400,0.000000
side-branch,side-front-turn,2.4,91.490,114.054,30.927,0.0400,0.000000
side-branch,side-front-turn,2.4,91.990,114.551,30.976,0.0400,0.000000
side-branch,side-front-turn,2.4,92.490,115.049,31.024,0.0400,0.000000
side-branch,side-front-turn,2.4,92.990,115.546,31.073,0.0400,0.000000
side-branch,side-front-turn,2.4,93.490,116.044,31.122,0.0400,0.000000
side-branch,side-front-turn,2.4,93.990,116.541,31.171,0.0400,0.000000
side-branch,side-front-turn,2.4,94.490,117.039,31.220,0.0400,0.000000
side-branch,side-front-turn,2.4,94.990,117.537,31.268,0.0400,0.000000
side-branch,side-front-turn,2.4,95.490,118.034,31.317,0.0400,0.000000
side-branch,side-front-turn,2.4,95.990,118.532,31.366,0.0400,0.000000
side-branch,side-front-turn,2.4,96.490,119.029,31.415,0.0400,0.000000
side-branch,side-front-turn,2.4,96.990,119.527,31.463,0.0400,0.000000
side-branch,side-front-turn,2.4,97.490,120.024,31.512,0.0400,0.000000
side-branch,side-front-turn,2.4,97.990,120.522,31.561,0.0400,0.000000
side-branch,side-front-turn,2.4,98.489,121.020,31.610,0.0400,0.000000
side-branch,side-front-turn,2.4,98.989,121.517,31.659,0.0400,0.000000
side-branch,side-front-turn,2.4,99.489,122.015,31.707,0.0400,0.000000
side-branch,side-front-turn,2.4,99.989,122.512,31.756,0.0400,0.000000
side-branch,side-front-turn,2.4,100.489,123.010,31.805,0.0400,0.000000
side-branch,side-front-turn,2.4,100.989,123.507,31.854,0.0400,0.000000
side-branch,side-front-turn,2.4,101.489,124.005,31.902,0.0400,0.000000
side-branch,side-front-turn,2.4,101.989,124.502,31.951,0.0400,0.000000
side-branch,side-front-turn,2.4,102.489,125.000,32.000,0.0400,0.000000
side-front-turn,side-upper,2.4,0.000,125.000,32.000,0.0400,0.000000
side-front-turn,side-upper,2.4,0.497,125.222,32.444,0.0400,0.000000
side-front-turn,side-upper,2.4,0.994,125.444,32.889,0.0400,0.000000
side-front-turn,side-upper,2.4,1.491,125.667,33.333,0.0400,0.000000
side-front-turn,side-upper,2.4,1.988,125.889,33.778,0.0400,0.000000
side-front-turn,side-upper,2.4,2.485,126.111,34.222,0.0400,0.000000
side-front-turn,side-upper,2.4,2.981,126.333,34.667,0.0400,0.000000
side-front-turn,side-upper,2.4,3.478,126.556,35.111,0.0400,0.000000
side-front-turn,side-upper,2.4,3.975,126.778,35.556,0.0400,0.000000
side-front-turn,side-upper,2.4,4.472,127.000,36.000,0.0400,0.000000
side-front-turn,side-upper,2.4,4.969,127.222,36.444,0.0400,0.000000
side-front-turn,side-upper,2.4,5.466,127.444,36.889,0.0400,0.000000
side-front-turn,side-upper,2.4,5.963,127.667,37.333,0.0400,0.000000
side-front-turn,side-upper,2.4,6.460,127.889,37.778,0.0400,0.000000
side-front-turn,side-upper,2.4,6.957,128.111,38.222,0.0400,0.000000
side-front-turn,side-upper,2.4,7.454,128.333,38.667,0.0400,0.000000
side-front-turn,side-upper,2.4,7.950,128.556,39.111,0.0400,0.000000
side-front-turn,side-upper,2.4,8.447,128.778,39.556,0.0400,0.000000
side-front-turn,side-upper,2.4,8.944,129.000,40.000,0.0400,0.000000
side-upper,side-mid,2.4,0.000,129.000,40.000,0.0400,0.001875
side-upper,side-mid,2.4,0.500,129.000,40.500,0.0400,0.001875
side-upper,side-mid,2.4,1.000,129.000,41.000,0.0400,0.001875
side-upper,side-mid,2.4,1.500,129.000,41.500,0.0400,0.001875
side-upper,side-mid,2.4,2.000,129.000,42.000,0.0400,0.001875
side-upper,side-mid,2.4,2.500,129.000,42.500,0.0400,0.001875
side-upper,side-mid,2.4,3.000,129.000,43.000,0.0400,0.001875
side-upper,side-mid,2.4,3.500,129.000,43.500,0.0400,0.001875
side-upper,side-mid,2.4,4.000,129.000,44.000,0.0400,0.001875
side-upper,side-mid,2.4,4.500,129.000,44.500,0.0400,0.001875
side-upper,side-mid,2.4,5.000,129.000,45.000,0.0400,0.001875
side-upper,side-mid,2.4,5.500,129.000,45.500,0.0400,0.001875
side-upper,side-mid,2.4,6.000,129.000,46.000,0.0400,0.001875
side-upper,side-mid,2.4,6.500,129.000,46.500,0.0400,0.001875
side-upper,side-mid,2.4,7.000,129.000,47.000,0.0400,0.001875
side-upper,side-mid,2.4,7.500,129.000,47.500,0.0400,0.001875
side-upper,side-mid,2.4,8.000,129.000,48.000,0.0400,0.001875
side-upper,side-mid,2.4,8.500,129.000,48.500,0.0400,0.001875
side-upper,side-mid,2.4,9.000,129.000,49.000,0.0400,0.001875
side-upper,side-mid,2.4,9.500,129.000,49.500,0.0400,0.001875
side-upper,side-mid,2.4,10.000,129.000,50.000,0.0400,0.001875
side-upper,side-mid,2.4,10.500,129.000,50.500,0.0400,0.001875
side-upper,side-mid,2.4,11.000,129.000,51.000,0.0400,0.001875
side-upper,side-mid,2.4,11.500,129.000,51.500,0.0400,0.001875
side-upper,side-mid,2.4,12.000,129.000,52.000,0.0400,0.001875
side-upper,side-mid,2.4,12.500,129.000,52.500,0.0400,0.001875
side-upper,side-mid,2.4,13.000,129.000,53.000,0.0400,0.001875
side-upper,side-mid,2.4,13.500,129.000,53.500,0.0400,0.001875
side-upper,side-mid,2.4,14.000,129.000,54.000,0.0400,0.001875
side-upper,side-mid,2.4,14.500,129.000,54.500,0.0400,0.001875
side-upper,side-mid,2.4,15.000,129.000,55.000,0.0400,0.001875
side-upper,side-mid,2.4,15.500,129.000,55.500,0.0400,0.001875
side-upper,side-mid,2.4,16.000,129.000,56.000,0.0400,0.001875
side-upper,side-mid,2.4,16.500,129.000,56.500,0.0400,0.001875
side-upper,side-mid,2.4,17.000,129.000,57.000,0.0400,0.001875
side-upper,side-mid,2.4,17.500,129.000,57.500,0.0400,0.001875
side-upper,side-mid,2.4,18.000,129.000,58.000,0.0400,0.001875
side-upper,side-mid,2.4,18.500,129.000,58.500,0.0400,0.001875
side-upper,side-mid,2.4,19.000,129.000,59.000,0.0400,0.001875
side-upper,side-mid,2.4,19.500,129.000,59.500,0.0400,0.001875
side-upper,side-mid,2.4,20.000,129.000,60.000,0.0400,0.001875
side-upper,side-mid,2.4,20.500,129.000,60.500,0.0400,0.001875
side-upper,side-mid,2.4,21.000,129.000,61.000,0.0400,0.001875
side-upper,side-mid,2.4,21.500,129.000,61.500,0.0400,0.001875
side-upper,side-mid,2.4,22.000,129.000,62.000,0.0400,0.001875
side-upper,side-mid,2.4,22.500,129.000,62.500,0.0400,0.001875
side-upper,side-mid,2.4,23.000,129.000,63.000,0.0400,0.001875
side-upper,side-mid,2.4,23.500,129.000,63.500,0.0400,0.001875
side-upper,side-mid,2.4,24.000,129.000,64.000,0.0400,0.001875
side-upper,side-mid,2.4,24.500,129.000,64.500,0.0400,0.001875
side-upper,side-mid,2.4,25.000,129.000,65.000,0.0400,0.001875
side-upper,side-mid,2.4,25.500,129.000,65.500,0.0400,0.001875
side-upper,side-mid,2.4,26.000,129.000,66.000,0.0400,0.001875
side-upper,side-mid,2.4,26.500,129.000,66.500,0.0400,0.001875
side-upper,side-mid,2.4,27.000,129.000,67.000,0.0400,0.001875
side-upper,side-mid,2.4,27.500,129.000,67.500,0.0400,0.001875
side-upper,side-mid,2.4,28.000,129.000,68.000,0.0400,0.001875
side-upper,side-mid,2.4,28.500,129.000,68.500,0.0400,0.001875
side-upper,side-mid,2.4,29.000,129.000,69.000,0.0400,0.001875
side-upper,side-mid,2.4,29.500,129.000,69.500,0.0400,0.001875
side-upper,side-mid,2.4,30.000,129.000,70.000,0.0400,0.001875
side-upper,side-mid,2.4,30.500,129.000,70.500,0.0400,0.001875
side-upper,side-mid,2.4,31.000,129.000,71.000,0.0400,0.001875
side-upper,side-mid,2.4,31.500,129.000,71.500,0.0400,0.001875
side-upper,side-mid,2.4,32.000,129.000,72.000,0.0400,0.001875
side-upper,side-mid,2.4,32.500,129.000,72.500,0.0400,0.001875
side-upper,side-mid,2.4,33.000,129.000,73.000,0.0400,0.001875
side-upper,side-mid,2.4,33.500,129.000,73.500,0.0400,0.001875
side-upper,side-mid,2.4,34.000,129.000,74.000,0.0400,0.001875
side-upper,side-mid,2.4,34.500,129.000,74.500,0.0400,0.001875
side-upper,side-mid,2.4,35.000,129.000,75.000,0.0400,0.001875
side-upper,side-mid,2.4,35.500,129.000,75.500,0.0400,0.001875
side-upper,side-mid,2.4,36.000,129.000,76.000,0.0400,0.001875
side-upper,side-mid,2.4,36.500,129.000,76.500,0.0400,0.001875
side-upper,side-mid,2.4,37.000,129.000,77.000,0.0400,0.001875
side-upper,side-mid,2.4,37.500,129.000,77.500,0.0400,0.001875
side-upper,side-mid,2.4,38.000,129.000,78.000,0.0400,0.001875
side-upper,side-mid,2.4,38.500,129.000,78.500,0.0400,0.001875
side-upper,side-mid,2.4,39.000,129.000,79.000,0.0400,0.001875
side-upper,side-mid,2.4,39.500,129.000,79.500,0.0400,0.001875
side-upper,side-mid,2.4,40.000,129.000,80.000,0.0400,0.001875
side-upper,side-mid,2.4,40.500,129.000,80.500,0.0409,0.001875
side-upper,side-mid,2.4,41.000,129.000,81.000,0.0419,0.001875
side-upper,side-mid,2.4,41.500,129.000,81.500,0.0428,0.001875
side-upper,side-mid,2.4,42.000,129.000,82.000,0.0437,0.001875
side-upper,side-mid,2.4,42.500,129.000,82.500,0.0447,0.001875
side-upper,side-mid,2.4,43.000,129.000,83.000,0.0456,0.001875
side-upper,side-mid,2.4,43.500,129.000,83.500,0.0466,0.001875
side-upper,side-mid,2.4,44.000,129.000,84.000,0.0475,0.001875
side-upper,side-mid,2.4,44.500,129.000,84.500,0.0484,0.001875
side-upper,side-mid,2.4,45.000,129.000,85.000,0.0494,0.001875
side-upper,side-mid,2.4,45.500,129.000,85.500,0.0503,0.001875
side-upper,side-mid,2.4,46.000,129.000,86.000,0.0513,0.001875
side-upper,side-mid,2.4,46.500,129.000,86.500,0.0522,0.001875
side-upper,side-mid,2.4,47.000,129.000,87.000,0.0531,0.001875
side-upper,side-mid,2.4,47.500,129.000,87.500,0.0541,0.001875
side-upper,side-mid,2.4,48.000,129.000,88.000,0.0550,0.001875
side-upper,side-mid,2.4,48.500,129.000,88.500,0.0559,0.001875
side-upper,side-mid,2.4,49.000,129.000,89.000,0.0569,0.001875
side-upper,side-mid,2.4,49.500,129.000,89.500,0.0578,0.001875
side-upper,side-mid,2.4,50.000,129.000,90.000,0.0587,0.001875
side-upper,side-mid,2.4,50.500,129.000,90.500,0.0597,0.001875
side-upper,side-mid,2.4,51.000,129.000,91.000,0.0606,0.001875
side-upper,side-mid,2.4,51.500,129.000,91.500,0.0616,0.001875
side-upper,side-mid,2.4,52.000,129.000,92.000,0.0625,0.001875
side-upper,side-mid,2.4,52.500,129.000,92.500,0.0634,0.001875
side-upper,side-mid,2.4,53.000,129.000,93.000,0.0644,0.001875
side-upper,side-mid,2.4,53.500,129.000,93.500,0.0653,0.001875
side-upper,side-mid,2.4,54.000,129.000,94.000,0.0663,0.001875
side-upper,side-mid,2.4,54.500,129.000,94.500,0.0672,0.001875
side-upper,side-mid,2.4,55.000,129.000,95.000,0.0681,0.001875
side-upper,side-mid,2.4,55.500,129.000,95.500,0.0691,0.001875
side-upper,side-mid,2.4,56.000,129.000,96.000,0.0700,0.001875
side-upper,side-mid,2.4,56.500,129.000,96.500,0.0709,0.001875
side-upper,side-mid,2.4,57.000,129.000,97.000,0.0719,0.001875
side-upper,side-mid,2.4,57.500,129.000,97.500,0.0728,0.001875
side-upper,side-mid,2.4,58.000,129.000,98.000,0.0737,0.001875
side-upper,side-mid,2.4,58.500,129.000,98.500,0.0747,0.001875
side-upper,side-mid,2.4,59.000,129.000,99.000,0.0756,0.001875
side-upper,side-mid,2.4,59.500,129.000,99.500,0.0766,0.001875
side-upper,side-mid,2.4,60.000,129.000,100.000,0.0775,0.001875
side-upper,side-mid,2.4,60.500,129.000,100.500,0.0784,0.001875
side-upper,side-mid,2.4,61.000,129.000,101.000,0.0794,0.001875
side-upper,side-mid,2.4,61.500,129.000,101.500,0.0803,0.001875
side-upper,side-mid,2.4,62.000,129.000,102.000,0.0812,0.001875
side-upper,side-mid,2.4,62.500,129.000,102.500,0.0822,0.001875
side-upper,side-mid,2.4,63.000,129.000,103.000,0.0831,0.001875
side-upper,side-mid,2.4,63.500,129.000,103.500,0.0841,0.001875
side-upper,side-mid,2.4,64.000,129.000,104.000,0.0850,0.001875
side-upper,side-mid,2.4,64.500,129.000,104.500,0.0859,0.001875
side-upper,side-mid,2.4,65.000,129.000,105.000,0.0869,0.001875
side-upper,side-mid,2.4,65.500,129.000,105.500,0.0878,0.001875
side-upper,side-mid,2.4,66.000,129.000,106.000,0.0887,0.001875
side-upper,side-mid,2.4,66.500,129.000,106.500,0.0897,0.001875
side-upper,side-mid,2.4,67.000,129.000,107.000,0.0906,0.001875
side-upper,side-mid,2.4,67.500,129.000,107.500,0.0916,0.001875
side-upper,side-mid,2.4,68.000,129.000,108.000,0.0925,0.001875
side-upper,side-mid,2.4,68.500,129.000,108.500,0.0934,0.001875
side-upper,side-mid,2.4,69.000,129.000,109.000,0.0944,0.001875
side-upper,side-mid,2.4,69.500,129.000,109.500,0.0953,0.001875
side-upper,side-mid,2.4,70.000,129.000,110.000,0.0963,0.001875
side-upper,side-mid,2.4,70.500,129.000,110.500,0.0972,0.001875
side-upper,side-mid,2.4,71.000,129.000,111.000,0.0981,0.001875
side-upper,side-mid,2.4,71.500,129.000,111.500,0.0991,0.001875
side-upper,side-mid,2.4,72.000,129.000,112.000,0.1000,0.001875
side-upper,side-mid,2.4,72.500,129.000,112.500,0.1009,0.001875
side-upper,side-mid,2.4,73.000,129.000,113.000,0.1019,0.001875
side-upper,side-mid,2.4,73.500,129.000,113.500,0.1028,0.001875
side-upper,side-mid,2.4,74.000,129.000,114.000,0.1038,0.001875
side-upper,side-mid,2.4,74.500,129.000,114.500,0.1047,0.001875
side-upper,side-mid,2.4,75.000,129.000,115.000,0.1056,0.001875
side-upper,side-mid,2.4,75.500,129.000,115.500,0.1066,0.001875
side-upper,side-mid,2.4,76.000,129.000,116.000,0.1075,0.001875
side-upper,side-mid,2.4,76.500,129.000,116.500,0.1084,0.001875
side-upper,side-mid,2.4,77.000,129.000,117.000,0.1094,0.001875
side-upper,side-mid,2.4,77.500,129.000,117.500,0.1103,0.001875
side-upper,side-mid,2.4,78.000,129.000,118.000,0.1113,0.001875
side-upper,side-mid,2.4,78.500,129.000,118.500,0.1122,0.001875
side-upper,side-mid,2.4,79.000,129.000,119.000,0.1131,0.001875
side-upper,side-mid,2.4,79.500,129.000,119.500,0.1141,0.001875
side-upper,side-mid,2.4,80.000,129.000,120.000,0.1150,0.001875
side-mid,side-lower,2.4,0.000,129.000,120.000,0.1150,0.023579
side-mid,side-lower,2.4,0.500,129.000,120.500,0.1159,0.023579
side-mid,side-lower,2.4,1.000,129.000,121.000,0.1169,0.023579
side-mid,side-lower,2.4,1.500,129.000,121.500,0.1178,0.023579
side-mid,side-lower,2.4,2.000,129.000,122.000,0.1187,0.023579
side-mid,side-lower,2.4,2.500,129.000,122.500,0.1197,0.023579
side-mid,side-lower,2.4,3.000,129.000,123.000,0.1206,0.023579
side-mid,side-lower,2.4,3.500,129.000,123.500,0.1216,0.023579
side-mid,side-lower,2.4,4.000,129.000,124.000,0.1225,0.023579
side-mid,side-lower,2.4,4.500,129.000,124.500,0.1234,0.023579
side-mid,side-lower,2.4,5.000,129.000,125.000,0.1244,0.023579
side-mid,side-lower,2.4,5.500,129.000,125.500,0.1253,0.023579
side-mid,side-lower,2.4,6.000,129.000,126.000,0.1263,0.023579
side-mid,side-lower,2.4,6.500,129.000,126.500,0.1272,0.023579
side-mid,side-lower,2.4,7.000,129.000,127.000,0.1281,0.023579
side-mid,side-lower,2.4,7.500,129.000,127.500,0.1291,0.023579
side-mid,side-lower,2.4,8.000,129.000,128.000,0.1300,0.023579
side-mid,side-lower,2.4,8.500,129.000,128.500,0.1309,0.023579
side-mid,side-lower,2.4,9.000,129.000,129.000,0.1319,0.023579
side-mid,side-lower,2.4,9.500,129.000,129.500,0.1328,0.023579
side-mid,side-lower,2.4,10.000,129.000,130.000,0.1338,0.023579
side-mid,side-lower,2.4,10.500,129.000,130.500,0.1347,0.023579
side-mid,side-lower,2.4,11.000,129.000,131.000,0.1356,0.023579
side-mid,side-lower,2.4,11.500,129.000,131.500,0.1366,0.023579
side-mid,side-lower,2.4,12.000,129.000,132.000,0.1375,0.023579
side-mid,side-lower,2.4,12.500,129.000,132.500,0.1384,0.023579
side-mid,side-lower,2.4,13.000,129.000,133.000,0.1394,0.023579
side-mid,side-lower,2.4,13.500,129.000,133.500,0.1403,0.023579
side-mid,side-lower,2.4,14.000,129.000,134.000,0.1412,0.023579
side-mid,side-lower,2.4,14.500,129.000,134.500,0.1422,0.023579
side-mid,side-lower,2.4,15.000,129.000,135.000,0.1431,0.023579
side-mid,side-lower,2.4,15.500,129.000,135.500,0.1441,0.023579
side-mid,side-lower,2.4,16.000,129.000,136.000,0.1450,0.023579
side-mid,side-lower,2.4,16.500,129.000,136.500,0.1459,0.023579
side-mid,side-lower,2.4,17.000,129.000,137.000,0.1469,0.023579
side-mid,side-lower,2.4,17.500,129.000,137.500,0.1478,0.023579
side-mid,side-lower,2.4,18.000,129.000,138.000,0.1487,0.023579
side-mid,side-lower,2.4,18.500,129.000,138.500,0.1497,0.023579
side-mid,side-lower,2.4,19.000,129.000,139.000,0.1506,0.023579
side-mid,side-lower,2.4,19.500,129.000,139.500,0.1516,0.023579
side-mid,side-lower,2.4,20.000,129.000,140.000,0.1525,0.023579
side-mid,side-lower,2.4,20.500,129.000,140.500,0.1534,0.023579
side-mid,side-lower,2.4,21.000,129.000,141.000,0.1544,0.023579
side-mid,side-lower,2.4,21.500,129.000,141.500,0.1553,0.023579
side-mid,side-lower,2.4,22.000,129.000,142.000,0.1563,0.023579
side-mid,side-lower,2.4,22.500,129.000,142.500,0.1572,0.023579
side-mid,side-lower,2.4,23.000,129.000,143.000,0.1581,0.023579
side-mid,side-lower,2.4,23.500,129.000,143.500,0.1591,0.023579
side-mid,side-lower,2.4,24.000,129.000,144.000,0.1600,0.023579
side-mid,side-lower,2.4,24.500,129.000,144.500,0.1609,0.023579
side-mid,side-lower,2.4,25.000,129.000,145.000,0.1619,0.023579
side-mid,side-lower,2.4,25.500,129.000,145.500,0.1628,0.023579
side-mid,side-lower,2.4,26.000,129.000,146.000,0.1638,0.023579
side-mid,side-lower,2.4,26.500,129.000,146.500,0.1647,0.023579
side-mid,side-lower,2.4,27.000,129.000,147.000,0.1656,0.023579
side-mid,side-lower,2.4,27.500,129.000,147.500,0.1666,0.023579
side-mid,side-lower,2.4,28.000,129.000,148.000,0.1675,0.023579
side-mid,side-lower,2.4,28.500,129.000,148.500,0.1684,0.023579
side-mid,side-lower,2.4,29.000,129.000,149.000,0.1694,0.023579
side-mid,side-lower,2.4,29.500,129.000,149.500,0.1703,0.023579
side-mid,side-lower,2.4,30.000,129.000,150.000,0.1713,0.023579
side-mid,side-lower,2.4,30.500,129.000,150.500,0.1722,0.023579
side-mid,side-lower,2.4,31.000,129.000,151.000,0.1731,0.023579
side-mid,side-lower,2.4,31.500,129.000,151.500,0.1741,0.023579
side-mid,side-lower,2.4,32.000,129.000,152.000,0.1750,0.023579
side-mid,side-lower,2.4,32.500,129.000,152.500,0.1759,0.023579
side-mid,side-lower,2.4,33.000,129.000,153.000,0.1769,0.023579
side-mid,side-lower,2.4,33.500,129.000,153.500,0.1778,0.023579
side-mid,side-lower,2.4,34.000,129.000,154.000,0.1787,0.023579
side-mid,side-lower,2.4,34.500,129.000,154.500,0.1797,0.023579
side-mid,side-lower,2.4,35.000,129.000,155.000,0.1806,0.023579
side-mid,side-lower,2.4,35.500,129.000,155.500,0.1816,0.023579
side-mid,side-lower,2.4,36.000,129.000,156.000,0.1825,0.023579
side-mid,side-lower,2.4,36.500,129.000,156.500,0.1834,0.023579
side-mid,side-lower,2.4,37.000,129.000,157.000,0.1844,0.023579
side-mid,side-lower,2.4,37.500,129.000,157.500,0.1853,0.023579
side-mid,side-lower,2.4,38.000,129.000,158.000,0.1862,0.023579
side-mid,side-lower,2.4,38.500,129.000,158.500,0.1872,0.023579
side-mid,side-lower,2.4,39.000,129.000,159.000,0.1881,0.023579
side-mid,side-lower,2.4,39.500,129.000,159.500,0.1891,0.023579
side-mid,side-lower,2.4,40.000,129.000,160.000,0.1900,0.023579
side-mid,side-lower,2.4,40.500,129.000,160.500,0.1928,0.023579
side-mid,side-lower,2.4,41.000,129.000,161.000,0.1956,0.023579
side-mid,side-lower,2.4,41.500,129.000,161.500,0.1983,0.023579
side-mid,side-lower,2.4,42.000,129.000,162.000,0.2011,0.023579
side-mid,side-lower,2.4,42.500,129.000,162.500,0.2039,0.023579
side-mid,side-lower,2.4,43.000,129.000,163.000,0.2067,0.023579
side-mid,side-lower,2.4,43.500,129.000,163.500,0.2094,0.023579
side-mid,side-lower,2.4,44.000,129.000,164.000,0.2122,0.023579
side-mid,side-lower,2.4,44.500,129.000,164.500,0.2150,0.023579
side-mid,side-lower,2.4,45.000,129.000,165.000,0.2178,0.023579
side-mid,side-lower,2.4,45.500,129.000,165.500,0.2206,0.023579
side-mid,side-lower,2.4,46.000,129.000,166.000,0.2233,0.023579
side-mid,side-lower,2.4,46.500,129.000,166.500,0.2261,0.023579
side-mid,side-lower,2.4,47.000,129.000,167.000,0.2289,0.023579
side-mid,side-lower,2.4,47.500,129.000,167.500,0.2317,0.023579
side-mid,side-lower,2.4,48.000,129.000,168.000,0.2344,0.023579
side-mid,side-lower,2.4,48.500,129.000,168.500,0.2372,0.023579
side-mid,side-lower,2.4,49.000,129.000,169.000,0.2400,0.023579
side-mid,side-lower,2.4,49.500,129.000,169.500,0.2428,0.023579
side-mid,side-lower,2.4,50.000,129.000,170.000,0.2456,0.023579
side-mid,side-lower,2.4,50.500,129.000,170.500,0.2483,0.023579
side-mid,side-lower,2.4,51.000,129.000,171.000,0.2511,0.023579
side-mid,side-lower,2.4,51.500,129.000,171.500,0.2539,0.023579
side-mid,side-lower,2.4,52.000,129.000,172.000,0.2567,0.023579
side-mid,side-lower,2.4,52.500,129.000,172.500,0.2594,0.023579
side-mid,side-lower,2.4,53.000,129.000,173.000,0.2622,0.023579
side-mid,side-lower,2.4,53.500,129.000,173.500,0.2650,0.023579
side-mid,side-lower,2.4,54.000,129.000,174.000,0.2678,0.023579
side-mid,side-lower,2.4,54.500,129.000,174.500,0.2706,0.023579
side-mid,side-lower,2.4,55.000,129.000,175.000,0.2733,0.023579
side-mid,side-lower,2.4,55.500,129.000,175.500,0.2761,0.023579
side-mid,side-lower,2.4,56.000,129.000,176.000,0.2789,0.023579
side-mid,side-lower,2.4,56.500,129.000,176.500,0.2817,0.023579
side-mid,side-lower,2.4,57.000,129.000,177.000,0.2844,0.023579
side-mid,side-lower,2.4,57.500,129.000,177.500,0.2872,0.023579
side-mid,side-lower,2.4,58.000,129.000,178.000,0.2900,0.023579
side-mid,side-lower,2.4,58.500,129.000,178.500,0.2928,0.023579
side-mid,side-lower,2.4,59.000,129.000,179.000,0.2956,0.023579
side-mid,side-lower,2.4,59.500,129.000,179.500,0.2983,0.023579
side-mid,side-lower,2.4,60.000,129.000,180.000,0.3011,0.023579
side-mid,side-lower,2.4,60.500,129.000,180.500,0.3039,0.023579
side-mid,side-lower,2.4,61.000,129.000,181.000,0.3067,0.023579
side-mid,side-lower,2.4,61.500,129.000,181.500,0.3094,0.023579
side-mid,side-lower,2.4,62.000,129.000,182.000,0.3122,0.023579
side-mid,side-lower,2.4,62.500,129.000,182.500,0.3150,0.023579
side-mid,side-lower,2.4,63.000,129.000,183.000,0.3178,0.023579
side-mid,side-lower,2.4,63.500,129.000,183.500,0.3239,0.023579
side-mid,side-lower,2.4,64.000,129.000,184.000,0.3357,0.023579
side-lower,east-front,2.4,0.000,129.000,184.000,0.3357,0.041995
side-lower,east-front,2.4,0.500,129.000,184.500,0.3517,0.041995
side-lower,east-front,2.4,1.000,129.000,185.000,0.3707,0.041995
side-lower,east-front,2.4,1.500,129.000,185.500,0.3912,0.041995
side-lower,east-front,2.4,2.000,129.000,186.000,0.4122,0.041995
side-lower,east-front,2.4,2.500,129.000,186.500,0.4325,0.041995
side-lower,east-front,2.4,3.000,129.000,187.000,0.4511,0.041995
side-lower,east-front,2.4,3.500,129.000,187.500,0.4670,0.041995
side-lower,east-front,2.4,4.000,129.000,188.000,0.4793,0.041995
side-lower,east-front,2.4,4.500,129.000,188.500,0.4872,0.041995
side-lower,east-front,2.4,5.000,129.000,189.000,0.4900,0.041995
side-lower,east-front,2.4,5.500,129.000,189.500,0.4900,0.041995
side-lower,east-front,2.4,6.000,129.000,190.000,0.4900,0.041995
side-lower,east-front,2.4,6.500,129.000,190.500,0.4900,0.041995
side-lower,east-front,2.4,7.000,129.000,191.000,0.4900,0.041995
side-lower,east-front,2.4,7.500,129.000,191.500,0.4900,0.041995
side-lower,east-front,2.4,8.000,129.000,192.000,0.4900,0.041995
side-lower,east-front,2.4,8.500,129.000,192.500,0.4900,0.041995
side-lower,east-front,2.4,9.000,129.000,193.000,0.4900,0.041995
side-lower,east-front,2.4,9.500,129.000,193.500,0.4900,0.041995
side-lower,east-front,2.4,10.000,129.000,194.000,0.4900,0.041995
side-lower,east-front,2.4,10.500,129.000,194.500,0.4900,0.041995
side-lower,east-front,2.4,11.000,129.000,195.000,0.4900,0.041995
side-lower,east-front,2.4,11.500,129.000,195.500,0.4900,0.041995
side-lower,east-front,2.4,12.000,129.000,196.000,0.4900,0.041995
side-lower,east-front,2.4,12.500,129.000,196.500,0.4900,0.041995
side-lower,east-front,2.4,13.000,129.000,197.000,0.4900,0.041995
side-lower,east-front,2.4,13.500,129.000,197.500,0.4900,0.041995
side-lower,east-front,2.4,14.000,129.000,198.000,0.4900,0.041995
side-lower,east-front,2.4,14.500,129.000,198.500,0.4900,0.041995
side-lower,east-front,2.4,15.000,129.000,199.000,0.4900,0.041995
side-lower,east-front,2.4,15.500,129.000,199.500,0.4900,0.041995
side-lower,east-front,2.4,16.000,129.000,200.000,0.4900,0.041995
side-lower,east-front,2.4,16.500,129.000,200.500,0.4900,0.041995
side-lower,east-front,2.4,17.000,129.000,201.000,0.4900,0.041995
side-lower,east-front,2.4,17.500,129.000,201.500,0.4900,0.041995
side-lower,east-front,2.4,18.000,129.000,202.000,0.4900,0.041995
side-lower,east-front,2.4,18.500,129.000,202.500,0.4900,0.041995
side-lower,east-front,2.4,19.000,129.000,203.000,0.4900,0.041995
side-lower,east-front,2.4,19.500,129.000,203.500,0.4900,0.041995
side-lower,east-front,2.4,20.000,129.000,204.000,0.4900,0.041995
side-lower,east-front,2.4,20.500,129.000,204.500,0.4900,0.041995
side-lower,east-front,2.4,21.000,129.000,205.000,0.4900,0.041995
side-lower,east-front,2.4,21.500,129.000,205.500,0.4900,0.041995
side-lower,east-front,2.4,22.000,129.000,206.000,0.4900,0.041995
side-lower,east-front,2.4,22.500,129.000,206.500,0.4900,0.041995
side-lower,east-front,2.4,23.000,129.000,207.000,0.4900,0.041995
side-lower,east-front,2.4,23.500,129.000,207.500,0.4900,0.041995
side-lower,east-front,2.4,24.000,129.000,208.000,0.4900,0.041995
forecourt,gap-entry,3,0.000,0.000,208.000,0.4567,0.004439
forecourt,gap-entry,3,0.492,0.433,208.233,0.4580,0.004439
forecourt,gap-entry,3,0.984,0.867,208.467,0.4593,0.004439
forecourt,gap-entry,3,1.476,1.300,208.700,0.4606,0.004439
forecourt,gap-entry,3,1.969,1.733,208.933,0.4619,0.004439
forecourt,gap-entry,3,2.461,2.167,209.167,0.4632,0.004439
forecourt,gap-entry,3,2.953,2.600,209.400,0.4649,0.004439
forecourt,gap-entry,3,3.445,3.033,209.633,0.4668,0.004439
forecourt,gap-entry,3,3.937,3.467,209.867,0.4689,0.004439
forecourt,gap-entry,3,4.429,3.900,210.100,0.4710,0.004439
forecourt,gap-entry,3,4.922,4.333,210.333,0.4732,0.004439
forecourt,gap-entry,3,5.414,4.767,210.567,0.4754,0.004439
forecourt,gap-entry,3,5.906,5.200,210.800,0.4775,0.004439
forecourt,gap-entry,3,6.398,5.633,211.033,0.4795,0.004439
forecourt,gap-entry,3,6.890,6.067,211.267,0.4813,0.004439
forecourt,gap-entry,3,7.382,6.500,211.500,0.4831,0.004439
gap-entry,gap-north,3,0.000,6.500,211.500,0.4831,0.006067
gap-entry,gap-north,3,0.500,6.500,212.000,0.4861,0.006067
gap-entry,gap-north,3,1.000,6.500,212.500,0.4882,0.006067
gap-entry,gap-north,3,1.500,6.500,213.000,0.4894,0.006067
gap-entry,gap-north,3,2.000,6.500,213.500,0.4899,0.006067
gap-entry,gap-north,3,2.500,6.500,214.000,0.4900,0.006067
gap-entry,gap-north,3,3.000,6.500,214.500,0.4900,0.006067
gap-entry,gap-north,3,3.500,6.500,215.000,0.4900,0.006067
gap-entry,gap-north,3,4.000,6.500,215.500,0.4900,0.006067
gap-entry,gap-north,3,4.500,6.500,216.000,0.4900,0.006067
gap-north,gap-cross,3,0.000,6.500,216.000,0.4900,0.000000
gap-north,gap-cross,3,0.500,6.500,216.500,0.4900,0.000000
gap-north,gap-cross,3,1.000,6.500,217.000,0.4900,0.000000
gap-north,gap-cross,3,1.500,6.500,217.500,0.4900,0.000000
gap-north,gap-cross,3,2.000,6.500,218.000,0.4900,0.000000
gap-north,gap-cross,3,2.500,6.500,218.500,0.4900,0.000000
gap-north,gap-cross,3,3.000,6.500,219.000,0.4900,0.000000
gap-north,gap-cross,3,3.500,6.500,219.500,0.4900,0.000000
gap-north,gap-cross,3,4.000,6.500,220.000,0.4900,0.000000
gap-north,gap-cross,3,4.500,6.500,220.500,0.4900,0.000000
gap-north,gap-cross,3,5.000,6.500,221.000,0.4900,0.000000
gap-north,gap-cross,3,5.500,6.500,221.500,0.4900,0.000000
gap-north,gap-cross,3,6.000,6.500,222.000,0.4900,0.000000
gap-north,gap-cross,3,6.500,6.500,222.500,0.4900,0.000000
gap-north,gap-cross,3,7.000,6.500,223.000,0.4900,0.000000
gap-north,gap-cross,3,7.500,6.500,223.500,0.4900,0.000000
gap-north,gap-cross,3,8.000,6.500,224.000,0.4900,0.000000
gap-cross,gap-south,3,0.000,6.500,224.000,0.4900,0.000000
gap-cross,gap-south,3,0.500,6.500,224.500,0.4900,0.000000
gap-cross,gap-south,3,1.000,6.500,225.000,0.4900,0.000000
gap-cross,gap-south,3,1.500,6.500,225.500,0.4900,0.000000
gap-cross,gap-south,3,2.000,6.500,226.000,0.4900,0.000000
gap-cross,gap-south,3,2.500,6.500,226.500,0.4900,0.000000
gap-cross,gap-south,3,3.000,6.500,227.000,0.4900,0.000000
gap-cross,gap-south,3,3.500,6.500,227.500,0.4900,0.000000
gap-cross,gap-south,3,4.000,6.500,228.000,0.4900,0.000000
gap-cross,gap-south,3,4.500,6.500,228.500,0.4900,0.000000
gap-cross,gap-south,3,5.000,6.500,229.000,0.4900,0.000000
gap-cross,gap-south,3,5.500,6.500,229.500,0.4900,0.000000
gap-cross,gap-south,3,6.000,6.500,230.000,0.4900,0.000000
gap-cross,gap-south,3,6.500,6.500,230.500,0.4900,0.000000
gap-cross,gap-south,3,7.000,6.500,231.000,0.4900,0.000000
gap-cross,gap-south,3,7.500,6.500,231.500,0.4900,0.000000
gap-cross,gap-south,3,8.000,6.500,232.000,0.4900,0.000000
gap-cross,gap-south,3,8.500,6.500,232.500,0.4900,0.000000
gap-cross,gap-south,3,9.000,6.500,233.000,0.4900,0.000000
gap-cross,gap-south,3,9.500,6.500,233.500,0.4900,0.000000
gap-cross,gap-south,3,10.000,6.500,234.000,0.4900,0.000000
gap-cross,gap-south,3,10.500,6.500,234.500,0.4900,0.000000
gap-cross,gap-south,3,11.000,6.500,235.000,0.4900,0.000000
gap-cross,gap-south,3,11.500,6.500,235.500,0.4900,0.000000
gap-cross,gap-south,3,12.000,6.500,236.000,0.4900,0.000000
gap-cross,gap-south,3,12.500,6.500,236.500,0.4900,0.000000
gap-cross,gap-south,3,13.000,6.500,237.000,0.4900,0.000000
gap-cross,gap-south,3,13.500,6.500,237.500,0.4900,0.000000
gap-cross,gap-south,3,14.000,6.500,238.000,0.4900,0.000000
gap-south,rear-west,3,0.000,6.500,238.000,0.4900,0.000000
gap-south,rear-west,3,0.490,6.990,238.021,0.4900,0.000000
gap-south,rear-west,3,0.980,7.479,238.042,0.4900,0.000000
gap-south,rear-west,3,1.470,7.969,238.063,0.4900,0.000000
gap-south,rear-west,3,1.960,8.458,238.083,0.4900,0.000000
gap-south,rear-west,3,2.450,8.948,238.104,0.4900,0.000000
gap-south,rear-west,3,2.940,9.438,238.125,0.4900,0.000000
gap-south,rear-west,3,3.430,9.927,238.146,0.4900,0.000000
gap-south,rear-west,3,3.920,10.417,238.167,0.4900,0.000000
gap-south,rear-west,3,4.410,10.906,238.188,0.4900,0.000000
gap-south,rear-west,3,4.900,11.396,238.208,0.4900,0.000000
gap-south,rear-west,3,5.390,11.885,238.229,0.4900,0.000000
gap-south,rear-west,3,5.880,12.375,238.250,0.4900,0.000000
gap-south,rear-west,3,6.370,12.865,238.271,0.4900,0.000000
gap-south,rear-west,3,6.860,13.354,238.292,0.4900,0.000000
gap-south,rear-west,3,7.350,13.844,238.313,0.4900,0.000000
gap-south,rear-west,3,7.840,14.333,238.333,0.4900,0.000000
gap-south,rear-west,3,8.330,14.823,238.354,0.4900,0.000000
gap-south,rear-west,3,8.820,15.313,238.375,0.4900,0.000000
gap-south,rear-west,3,9.311,15.802,238.396,0.4900,0.000000
gap-south,rear-west,3,9.801,16.292,238.417,0.4900,0.000000
gap-south,rear-west,3,10.291,16.781,238.438,0.4900,0.000000
gap-south,rear-west,3,10.781,17.271,238.458,0.4900,0.000000
gap-south,rear-west,3,11.271,17.760,238.479,0.4900,0.000000
gap-south,rear-west,3,11.761,18.250,238.500,0.4900,0.000000
gap-south,rear-west,3,12.251,18.740,238.521,0.4900,0.000000
gap-south,rear-west,3,12.741,19.229,238.542,0.4900,0.000000
gap-south,rear-west,3,13.231,19.719,238.563,0.4900,0.000000
gap-south,rear-west,3,13.721,20.208,238.583,0.4900,0.000000
gap-south,rear-west,3,14.211,20.698,238.604,0.4900,0.000000
gap-south,rear-west,3,14.701,21.188,238.625,0.4900,0.000000
gap-south,rear-west,3,15.191,21.677,238.646,0.4900,0.000000
gap-south,rear-west,3,15.681,22.167,238.667,0.4900,0.000000
gap-south,rear-west,3,16.171,22.656,238.688,0.4900,0.000000
gap-south,rear-west,3,16.661,23.146,238.708,0.4900,0.000000
gap-south,rear-west,3,17.151,23.635,238.729,0.4900,0.000000
gap-south,rear-west,3,17.641,24.125,238.750,0.4900,0.000000
gap-south,rear-west,3,18.131,24.615,238.771,0.4900,0.000000
gap-south,rear-west,3,18.621,25.104,238.792,0.4900,0.000000
gap-south,rear-west,3,19.111,25.594,238.813,0.4900,0.000000
gap-south,rear-west,3,19.601,26.083,238.833,0.4900,0.000000
gap-south,rear-west,3,20.091,26.573,238.854,0.4900,0.000000
gap-south,rear-west,3,20.581,27.063,238.875,0.4900,0.000000
gap-south,rear-west,3,21.071,27.552,238.896,0.4900,0.000000
gap-south,rear-west,3,21.561,28.042,238.917,0.4900,0.000000
gap-south,rear-west,3,22.051,28.531,238.938,0.4900,0.000000
gap-south,rear-west,3,22.541,29.021,238.958,0.4900,0.000000
gap-south,rear-west,3,23.031,29.510,238.979,0.4900,0.000000
gap-south,rear-west,3,23.521,30.000,239.000,0.4900,0.000000
rear-west,rear-junction,3,0.000,30.000,239.000,0.4900,0.000000
rear-west,rear-junction,3,0.500,30.500,239.000,0.4900,0.000000
rear-west,rear-junction,3,1.000,31.000,239.000,0.4900,0.000000
rear-west,rear-junction,3,1.500,31.500,239.000,0.4900,0.000000
rear-west,rear-junction,3,2.000,32.000,239.000,0.4900,0.000000
rear-west,rear-junction,3,2.500,32.500,239.000,0.4900,0.000000
rear-west,rear-junction,3,3.000,33.000,239.000,0.4900,0.000000
rear-west,rear-junction,3,3.500,33.500,239.000,0.4900,0.000000
rear-west,rear-junction,3,4.000,34.000,239.000,0.4900,0.000000
rear-west,rear-junction,3,4.500,34.500,239.000,0.4900,0.000000
rear-west,rear-junction,3,5.000,35.000,239.000,0.4900,0.000000
rear-west,rear-junction,3,5.500,35.500,239.000,0.4900,0.000000
rear-west,rear-junction,3,6.000,36.000,239.000,0.4900,0.000000
rear-west,rear-junction,3,6.500,36.500,239.000,0.4900,0.000000
rear-west,rear-junction,3,7.000,37.000,239.000,0.4900,0.000000
rear-west,rear-junction,3,7.500,37.500,239.000,0.4900,0.000000
rear-west,rear-junction,3,8.000,38.000,239.000,0.4900,0.000000
rear-west,rear-junction,3,8.500,38.500,239.000,0.4900,0.000000
rear-west,rear-junction,3,9.000,39.000,239.000,0.4900,0.000000
rear-west,rear-junction,3,9.500,39.500,239.000,0.4900,0.000000
rear-west,rear-junction,3,10.000,40.000,239.000,0.4900,0.000000
rear-west,rear-junction,3,10.500,40.500,239.000,0.4900,0.000000
rear-west,rear-junction,3,11.000,41.000,239.000,0.4900,0.000000
rear-west,rear-junction,3,11.500,41.500,239.000,0.4900,0.000000
rear-west,rear-junction,3,12.000,42.000,239.000,0.4900,0.000000
rear-west,rear-junction,3,12.500,42.500,239.000,0.4900,0.000000
rear-west,rear-junction,3,13.000,43.000,239.000,0.4900,0.000000
rear-west,rear-junction,3,13.500,43.500,239.000,0.4900,0.000000
rear-west,rear-junction,3,14.000,44.000,239.000,0.4900,0.000000
rear-west,rear-junction,3,14.500,44.500,239.000,0.4900,0.000000
rear-west,rear-junction,3,15.000,45.000,239.000,0.4900,0.000000
rear-west,rear-junction,3,15.500,45.500,239.000,0.4900,0.000000
rear-west,rear-junction,3,16.000,46.000,239.000,0.4900,0.000000
rear-west,rear-junction,3,16.500,46.500,239.000,0.4900,0.000000
rear-west,rear-junction,3,17.000,47.000,239.000,0.4900,0.000000
rear-west,rear-junction,3,17.500,47.500,239.000,0.4900,0.000000
rear-west,rear-junction,3,18.000,48.000,239.000,0.4900,0.000000
rear-west,rear-junction,3,18.500,48.500,239.000,0.4900,0.000000
rear-west,rear-junction,3,19.000,49.000,239.000,0.4900,0.000000
rear-west,rear-junction,3,19.500,49.500,239.000,0.4900,0.000000
rear-west,rear-junction,3,20.000,50.000,239.000,0.4900,0.000000
rear-west,rear-junction,3,20.500,50.500,239.000,0.4900,0.000000
rear-west,rear-junction,3,21.000,51.000,239.000,0.4900,0.000000
rear-west,rear-junction,3,21.500,51.500,239.000,0.4900,0.000000
rear-west,rear-junction,3,22.000,52.000,239.000,0.4900,0.000000
rear-west,rear-junction,3,22.500,52.500,239.000,0.4900,0.000000
rear-west,rear-junction,3,23.000,53.000,239.000,0.4900,0.000000
rear-west,rear-junction,3,23.500,53.500,239.000,0.4900,0.000000
rear-west,rear-junction,3,24.000,54.000,239.000,0.4900,0.000000
rear-west,rear-junction,3,24.500,54.500,239.000,0.4900,0.000000
rear-west,rear-junction,3,25.000,55.000,239.000,0.4900,0.000000
rear-west,rear-junction,3,25.500,55.500,239.000,0.4900,0.000000
rear-west,rear-junction,3,26.000,56.000,239.000,0.4900,0.000000
rear-west,rear-junction,3,26.500,56.500,239.000,0.4900,0.000000
rear-west,rear-junction,3,27.000,57.000,239.000,0.4900,0.000000
rear-west,rear-junction,3,27.500,57.500,239.000,0.4900,0.000000
rear-west,rear-junction,3,28.000,58.000,239.000,0.4900,0.000000
rear-west,rear-junction,3,28.500,58.500,239.000,0.4900,0.000000
rear-west,rear-junction,3,29.000,59.000,239.000,0.4900,0.000000
rear-west,rear-junction,3,29.500,59.500,239.000,0.4900,0.000000
rear-west,rear-junction,3,30.000,60.000,239.000,0.4900,0.000000
rear-west,rear-junction,3,30.500,60.500,239.000,0.4900,0.000000
rear-west,rear-junction,3,31.000,61.000,239.000,0.4900,0.000000
rear-west,rear-junction,3,31.500,61.500,239.000,0.4900,0.000000
rear-west,rear-junction,3,32.000,62.000,239.000,0.4900,0.000000
rear-west,rear-junction,3,32.500,62.500,239.000,0.4900,0.000000
rear-west,rear-junction,3,33.000,63.000,239.000,0.4900,0.000000
rear-west,rear-junction,3,33.500,63.500,239.000,0.4900,0.000000
rear-west,rear-junction,3,34.000,64.000,239.000,0.4900,0.000000
rear-west,rear-junction,3,34.500,64.500,239.000,0.4900,0.000000
rear-west,rear-junction,3,35.000,65.000,239.000,0.4900,0.000000
rear-west,rear-junction,3,35.500,65.500,239.000,0.4900,0.000000
rear-west,rear-junction,3,36.000,66.000,239.000,0.4900,0.000000
rear-west,rear-junction,3,36.500,66.500,239.000,0.4900,0.000000
rear-west,rear-junction,3,37.000,67.000,239.000,0.4900,0.000000
rear-west,rear-junction,3,37.500,67.500,239.000,0.4900,0.000000
rear-west,rear-junction,3,38.000,68.000,239.000,0.4900,0.000000
rear-west,rear-junction,3,38.500,68.500,239.000,0.4900,0.000000
rear-west,rear-junction,3,39.000,69.000,239.000,0.4900,0.000000
rear-junction,library-entry,2.4,0.000,69.000,239.000,0.4900,0.000000
rear-junction,library-entry,2.4,0.473,69.375,239.287,0.4900,0.000000
rear-junction,library-entry,2.4,0.945,69.750,239.575,0.4900,0.000000
rear-junction,library-entry,2.4,1.418,70.125,239.863,0.4900,0.000000
rear-junction,library-entry,2.4,1.890,70.500,240.150,0.4900,0.000000
rear-junction,library-entry,2.4,2.363,70.875,240.438,0.4900,0.000000
rear-junction,library-entry,2.4,2.835,71.250,240.725,0.4900,0.000000
rear-junction,library-entry,2.4,3.308,71.625,241.012,0.4900,0.000000
rear-junction,library-entry,2.4,3.780,72.000,241.300,0.4900,0.000000
rear-junction,library-entry,2.4,4.253,72.375,241.588,0.4900,0.000000
rear-junction,library-entry,2.4,4.725,72.750,241.875,0.4900,0.000000
rear-junction,library-entry,2.4,5.198,73.125,242.162,0.4900,0.000000
rear-junction,library-entry,2.4,5.670,73.500,242.450,0.4900,0.000000
rear-junction,library-entry,2.4,6.143,73.875,242.737,0.4900,0.000000
rear-junction,library-entry,2.4,6.615,74.250,243.025,0.4900,0.000000
rear-junction,library-entry,2.4,7.088,74.625,243.313,0.4900,0.000000
rear-junction,library-entry,2.4,7.560,75.000,243.600,0.4900,0.000000
rear-junction,main-rear,2.4,0.000,69.000,239.000,0.4900,0.000000
rear-junction,main-rear,2.4,0.477,69.000,238.523,0.4900,0.000000
rear-junction,main-rear,2.4,0.954,69.000,238.046,0.4900,0.000000
rear-junction,main-rear,2.4,1.431,69.000,237.569,0.4900,0.000000
rear-junction,main-rear,2.4,1.908,69.000,237.092,0.4900,0.000000
rear-junction,main-rear,2.4,2.385,69.000,236.615,0.4900,0.000000
rear-junction,main-rear,2.4,2.862,69.000,236.138,0.4900,0.000000
rear-junction,main-rear,2.4,3.338,69.000,235.662,0.4900,0.000000
rear-junction,main-rear,2.4,3.815,69.000,235.185,0.4900,0.000000
rear-junction,main-rear,2.4,4.292,69.000,234.708,0.4900,0.000000
rear-junction,main-rear,2.4,4.769,69.000,234.231,0.4900,0.000000
rear-junction,main-rear,2.4,5.246,69.000,233.754,0.4900,0.000000
rear-junction,main-rear,2.4,5.723,69.000,233.277,0.4900,0.000000
rear-junction,main-rear,2.4,6.200,69.000,232.800,0.4900,0.000000
side-gate,side-entry,2.4,0.000,17.000,1.000,0.0400,0.000000
side-gate,side-entry,2.4,0.500,17.000,1.500,0.0400,0.000000
side-gate,side-entry,2.4,1.000,17.000,2.000,0.0400,0.000000
side-gate,side-entry,2.4,1.500,17.000,2.500,0.0400,0.000000
side-gate,side-entry,2.4,2.000,17.000,3.000,0.0400,0.000000
side-gate,side-entry,2.4,2.500,17.000,3.500,0.0400,0.000000
side-gate,side-entry,2.4,3.000,17.000,4.000,0.0400,0.000000
side-gate,side-entry,2.4,3.500,17.000,4.500,0.0400,0.000000
side-gate,side-entry,2.4,4.000,17.000,5.000,0.0400,0.000000
side-gate,side-entry,2.4,4.500,17.000,5.500,0.0400,0.000000
side-gate,side-entry,2.4,5.000,17.000,6.000,0.0400,0.000000
side-gate,side-entry,2.4,5.500,17.000,6.500,0.0400,0.000000
side-gate,side-entry,2.4,6.000,17.000,7.000,0.0400,0.000000
side-gate,side-entry,2.4,6.500,17.000,7.500,0.0400,0.000000
side-gate,side-entry,2.4,7.000,17.000,8.000,0.0400,0.000000
side-gate,side-entry,2.4,7.500,17.000,8.500,0.0400,0.000000
side-gate,side-entry,2.4,8.000,17.000,9.000,0.0400,0.000000
side-gate,side-entry,2.4,8.500,17.000,9.500,0.0400,0.000000
side-gate,side-entry,2.4,9.000,17.000,10.000,0.0400,0.000000
side-gate,side-entry,2.4,9.500,17.000,10.500,0.0400,0.000000
side-gate,side-entry,2.4,10.000,17.000,11.000,0.0400,0.000000
side-gate,side-entry,2.4,10.500,17.000,11.500,0.0400,0.000000
side-gate,side-entry,2.4,11.000,17.000,12.000,0.0400,0.000000
side-gate,side-entry,2.4,11.500,17.000,12.500,0.0400,0.000000
side-gate,side-entry,2.4,12.000,17.000,13.000,0.0400,0.000000
side-gate,side-entry,2.4,12.500,17.000,13.500,0.0400,0.000000
side-gate,side-entry,2.4,13.000,17.000,14.000,0.0400,0.000000
side-gate,side-entry,2.4,13.500,17.000,14.500,0.0400,0.000000
side-gate,side-entry,2.4,14.000,17.000,15.000,0.0400,0.000000
side-gate,side-entry,2.4,14.500,17.000,15.500,0.0400,0.000000
side-gate,side-entry,2.4,15.000,17.000,16.000,0.0400,0.000000
side-entry,side-branch,2.4,0.000,17.000,16.000,0.0400,0.000000
side-entry,side-branch,2.4,0.499,17.353,16.353,0.0400,0.000000
side-entry,side-branch,2.4,0.998,17.706,16.706,0.0400,0.000000
side-entry,side-branch,2.4,1.497,18.059,17.059,0.0400,0.000000
side-entry,side-branch,2.4,1.997,18.412,17.412,0.0400,0.000000
side-entry,side-branch,2.4,2.496,18.765,17.765,0.0400,0.000000
side-entry,side-branch,2.4,2.995,19.118,18.118,0.0400,0.000000
side-entry,side-branch,2.4,3.494,19.471,18.471,0.0400,0.000000
side-entry,side-branch,2.4,3.993,19.824,18.824,0.0400,0.000000
side-entry,side-branch,2.4,4.492,20.176,19.176,0.0400,0.000000
side-entry,side-branch,2.4,4.991,20.529,19.529,0.0400,0.000000
side-entry,side-branch,2.4,5.490,20.882,19.882,0.0400,0.000000
side-entry,side-branch,2.4,5.990,21.235,20.235,0.0400,0.000000
side-entry,side-branch,2.4,6.489,21.588,20.588,0.0400,0.000000
side-entry,side-branch,2.4,6.988,21.941,20.941,0.0400,0.000000
side-entry,side-branch,2.4,7.487,22.294,21.294,0.0400,0.000000
side-entry,side-branch,2.4,7.986,22.647,21.647,0.0400,0.000000
side-entry,side-branch,2.4,8.485,23.000,22.000,0.0400,0.000000
sports-front,music-approach,3,0.000,-37.500,86.000,0.0400,0.000000
sports-front,music-approach,3,0.493,-37.992,85.968,0.0400,0.000000
sports-front,music-approach,3,0.986,-38.484,85.935,0.0400,0.000000
sports-front,music-approach,3,1.479,-38.976,85.903,0.0400,0.000000
sports-front,music-approach,3,1.972,-39.468,85.871,0.0400,0.000000
sports-front,music-approach,3,2.465,-39.960,85.839,0.0400,0.000000
sports-front,music-approach,3,2.958,-40.452,85.806,0.0400,0.000000
sports-front,music-approach,3,3.451,-40.944,85.774,0.0400,0.000000
sports-front,music-approach,3,3.944,-41.435,85.742,0.0400,0.000000
sports-front,music-approach,3,4.437,-41.927,85.710,0.0400,0.000000
sports-front,music-approach,3,4.930,-42.419,85.677,0.0400,0.000000
sports-front,music-approach,3,5.423,-42.911,85.645,0.0400,0.000000
sports-front,music-approach,3,5.916,-43.403,85.613,0.0400,0.000000
sports-front,music-approach,3,6.409,-43.895,85.581,0.0400,0.000000
sports-front,music-approach,3,6.902,-44.387,85.548,0.0400,0.000000
sports-front,music-approach,3,7.395,-44.879,85.516,0.0400,0.000000
sports-front,music-approach,3,7.888,-45.371,85.484,0.0400,0.000000
sports-front,music-approach,3,8.381,-45.863,85.452,0.0400,0.000000
sports-front,music-approach,3,8.874,-46.355,85.419,0.0400,0.000000
sports-front,music-approach,3,9.367,-46.847,85.387,0.0400,0.000000
sports-front,music-approach,3,9.860,-47.339,85.355,0.0400,0.000000
sports-front,music-approach,3,10.353,-47.831,85.323,0.0400,0.000000
sports-front,music-approach,3,10.846,-48.323,85.290,0.0400,0.000000
sports-front,music-approach,3,11.339,-48.815,85.258,0.0400,0.000000
sports-front,music-approach,3,11.832,-49.306,85.226,0.0400,0.000000
sports-front,music-approach,3,12.325,-49.798,85.194,0.0400,0.000000
sports-front,music-approach,3,12.818,-50.290,85.161,0.0400,0.000000
sports-front,music-approach,3,13.311,-50.782,85.129,0.0400,0.000000
sports-front,music-approach,3,13.804,-51.274,85.097,0.0400,0.000000
sports-front,music-approach,3,14.297,-51.766,85.065,0.0400,0.000000
sports-front,music-approach,3,14.790,-52.258,85.032,0.0400,0.000000
sports-front,music-approach,3,15.283,-52.750,85.000,0.0400,0.000000
sports-front,music-approach,3,15.776,-53.242,84.968,0.0400,0.000000
sports-front,music-approach,3,16.269,-53.734,84.935,0.0400,0.000000
sports-front,music-approach,3,16.762,-54.226,84.903,0.0400,0.000000
sports-front,music-approach,3,17.255,-54.718,84.871,0.0400,0.000000
sports-front,music-approach,3,17.748,-55.210,84.839,0.0400,0.000000
sports-front,music-approach,3,18.241,-55.702,84.806,0.0400,0.000000
sports-front,music-approach,3,18.734,-56.194,84.774,0.0400,0.000000
sports-front,music-approach,3,19.227,-56.685,84.742,0.0400,0.000000
sports-front,music-approach,3,19.720,-57.177,84.710,0.0400,0.000000
sports-front,music-approach,3,20.213,-57.669,84.677,0.0400,0.000000
sports-front,music-approach,3,20.706,-58.161,84.645,0.0400,0.000000
sports-front,music-approach,3,21.199,-58.653,84.613,0.0400,0.000000
sports-front,music-approach,3,21.692,-59.145,84.581,0.0400,0.000000
sports-front,music-approach,3,22.185,-59.637,84.548,0.0400,0.000000
sports-front,music-approach,3,22.678,-60.129,84.516,0.0400,0.000000
sports-front,music-approach,3,23.171,-60.621,84.484,0.0400,0.000000
sports-front,music-approach,3,23.664,-61.113,84.452,0.0400,0.000000
sports-front,music-approach,3,24.157,-61.605,84.419,0.0400,0.000000
sports-front,music-approach,3,24.650,-62.097,84.387,0.0400,0.000000
sports-front,music-approach,3,25.143,-62.589,84.355,0.0400,0.000000
sports-front,music-approach,3,25.636,-63.081,84.323,0.0400,0.000000
sports-front,music-approach,3,26.129,-63.573,84.290,0.0400,0.000000
sports-front,music-approach,3,26.622,-64.065,84.258,0.0400,0.000000
sports-front,music-approach,3,27.115,-64.556,84.226,0.0400,0.000000
sports-front,music-approach,3,27.608,-65.048,84.194,0.0400,0.000000
sports-front,music-approach,3,28.101,-65.540,84.161,0.0400,0.000000
sports-front,music-approach,3,28.594,-66.032,84.129,0.0400,0.000000
sports-front,music-approach,3,29.087,-66.524,84.097,0.0400,0.000000
sports-front,music-approach,3,29.580,-67.016,84.065,0.0400,0.000000
sports-front,music-approach,3,30.073,-67.508,84.032,0.0400,0.000000
sports-front,music-approach,3,30.566,-68.000,84.000,0.0400,0.000000
music-approach,music-entry,2.4,0.000,-68.000,84.000,0.0400,0.000000
music-approach,music-entry,2.4,0.475,-68.000,83.525,0.0400,0.000000
music-approach,music-entry,2.4,0.950,-68.000,83.050,0.0400,0.000000
music-approach,music-entry,2.4,1.425,-68.000,82.575,0.0400,0.000000
music-approach,music-entry,2.4,1.900,-68.000,82.100,0.0400,0.000000
music-approach,music-entry,2.4,2.375,-68.000,81.625,0.0400,0.000000
music-approach,music-entry,2.4,2.850,-68.000,81.150,0.0400,0.000000
music-approach,music-entry,2.4,3.325,-68.000,80.675,0.0400,0.000000
music-approach,music-entry,2.4,3.800,-68.000,80.200,0.0400,0.000000
junction-office,junction-museum,7,0.000,0.000,158.000,0.1862,0.005556
junction-office,junction-museum,7,0.500,0.000,158.500,0.1872,0.005556
junction-office,junction-museum,7,1.000,0.000,159.000,0.1881,0.005556
junction-office,junction-museum,7,1.500,0.000,159.500,0.1891,0.005556
junction-office,junction-museum,7,2.000,0.000,160.000,0.1900,0.005556
junction-office,junction-museum,7,2.500,0.000,160.500,0.1928,0.005556
junction-office,junction-museum,7,3.000,0.000,161.000,0.1956,0.005556
junction-office,junction-museum,7,3.500,0.000,161.500,0.1983,0.005556
junction-office,junction-museum,7,4.000,0.000,162.000,0.2011,0.005556
junction-office,junction-museum,7,4.500,0.000,162.500,0.2039,0.005556
junction-office,junction-museum,7,5.000,0.000,163.000,0.2067,0.005556
junction-office,junction-museum,7,5.500,0.000,163.500,0.2094,0.005556
junction-office,junction-museum,7,6.000,0.000,164.000,0.2122,0.005556
junction-office,junction-museum,7,6.500,0.000,164.500,0.2150,0.005556
junction-office,junction-museum,7,7.000,0.000,165.000,0.2178,0.005556
junction-office,junction-museum,7,7.500,0.000,165.500,0.2206,0.005556
junction-office,junction-museum,7,8.000,0.000,166.000,0.2233,0.005556
junction-office,junction-museum,7,8.500,0.000,166.500,0.2261,0.005556
junction-office,junction-museum,7,9.000,0.000,167.000,0.2289,0.005556
junction-office,junction-museum,7,9.500,0.000,167.500,0.2317,0.005556
junction-office,junction-museum,7,10.000,0.000,168.000,0.2344,0.005556
junction-office,junction-museum,7,10.500,0.000,168.500,0.2372,0.005556
junction-office,junction-museum,7,11.000,0.000,169.000,0.2400,0.005556
junction-office,junction-museum,7,11.500,0.000,169.500,0.2428,0.005556
junction-office,junction-museum,7,12.000,0.000,170.000,0.2456,0.005556
junction-office,junction-museum,7,12.500,0.000,170.500,0.2483,0.005556
junction-office,junction-museum,7,13.000,0.000,171.000,0.2511,0.005556
junction-office,junction-museum,7,13.500,0.000,171.500,0.2539,0.005556
junction-office,junction-museum,7,14.000,0.000,172.000,0.2567,0.005556
junction-office,junction-museum,7,14.500,0.000,172.500,0.2594,0.005556
junction-office,junction-museum,7,15.000,0.000,173.000,0.2622,0.005556
junction-office,junction-museum,7,15.500,0.000,173.500,0.2650,0.005556
junction-office,junction-museum,7,16.000,0.000,174.000,0.2678,0.005556
junction-office,junction-museum,7,16.500,0.000,174.500,0.2706,0.005556
junction-office,junction-museum,7,17.000,0.000,175.000,0.2733,0.005556
junction-office,junction-museum,7,17.500,0.000,175.500,0.2761,0.005556
junction-office,junction-museum,7,18.000,0.000,176.000,0.2789,0.005556
junction-office,junction-museum,7,18.500,0.000,176.500,0.2817,0.005556
junction-office,junction-museum,7,19.000,0.000,177.000,0.2844,0.005556
junction-office,junction-museum,7,19.500,0.000,177.500,0.2872,0.005556
junction-office,junction-museum,7,20.000,0.000,178.000,0.2900,0.005556
junction-office,junction-museum,7,20.500,0.000,178.500,0.2928,0.005556
junction-office,junction-museum,7,21.000,0.000,179.000,0.2956,0.005556
junction-office,junction-museum,7,21.500,0.000,179.500,0.2983,0.005556
junction-office,junction-museum,7,22.000,0.000,180.000,0.3011,0.005556
junction-office,junction-museum,7,22.500,0.000,180.500,0.3039,0.005556
junction-office,junction-museum,7,23.000,0.000,181.000,0.3067,0.005556
junction-office,junction-museum,7,23.500,0.000,181.500,0.3094,0.005556
junction-office,junction-museum,7,24.000,0.000,182.000,0.3122,0.005556
junction-office,junction-museum,7,24.500,0.000,182.500,0.3150,0.005556
junction-office,junction-museum,7,25.000,0.000,183.000,0.3178,0.005556
junction-office,junction-museum,7,25.500,0.000,183.500,0.3206,0.005556
junction-office,junction-museum,7,26.000,0.000,184.000,0.3233,0.005556
junction-office,junction-museum,7,26.500,0.000,184.500,0.3261,0.005556
junction-office,junction-museum,7,27.000,0.000,185.000,0.3289,0.005556
junction-office,junction-museum,7,27.500,0.000,185.500,0.3317,0.005556
junction-office,junction-museum,7,28.000,0.000,186.000,0.3344,0.005556
junction-office,junction-museum,7,28.500,0.000,186.500,0.3372,0.005556
junction-office,junction-museum,7,29.000,0.000,187.000,0.3400,0.005556
junction-office,junction-museum,7,29.500,0.000,187.500,0.3428,0.005556
junction-office,junction-museum,7,30.000,0.000,188.000,0.3456,0.005556
junction-office,junction-museum,7,30.500,0.000,188.500,0.3483,0.005556
junction-office,junction-museum,7,31.000,0.000,189.000,0.3511,0.005556
junction-office,junction-museum,7,31.500,0.000,189.500,0.3539,0.005556
junction-office,junction-museum,7,32.000,0.000,190.000,0.3567,0.005556
junction-office,junction-museum,7,32.500,0.000,190.500,0.3594,0.005556
junction-office,junction-museum,7,33.000,0.000,191.000,0.3622,0.005556
junction-office,junction-museum,7,33.500,0.000,191.500,0.3650,0.005556
junction-office,junction-museum,7,34.000,0.000,192.000,0.3678,0.005556
junction-office,junction-museum,7,34.500,0.000,192.500,0.3706,0.005556
junction-office,junction-museum,7,35.000,0.000,193.000,0.3733,0.005556
junction-office,junction-museum,7,35.500,0.000,193.500,0.3761,0.005556
junction-office,junction-museum,7,36.000,0.000,194.000,0.3789,0.005556
junction-office,junction-museum,7,36.500,0.000,194.500,0.3817,0.005556
junction-office,junction-museum,7,37.000,0.000,195.000,0.3844,0.005556
junction-office,junction-museum,7,37.500,0.000,195.500,0.3872,0.005556
junction-office,junction-museum,7,38.000,0.000,196.000,0.3900,0.005556
junction-office,junction-museum,7,38.500,0.000,196.500,0.3928,0.005556
junction-office,junction-museum,7,39.000,0.000,197.000,0.3956,0.005556
junction-office,junction-museum,7,39.500,0.000,197.500,0.3983,0.005556
junction-office,junction-museum,7,40.000,0.000,198.000,0.4011,0.005556
junction-office,junction-museum,7,40.500,0.000,198.500,0.4039,0.005556
junction-office,junction-museum,7,41.000,0.000,199.000,0.4067,0.005556
junction-office,junction-museum,7,41.500,0.000,199.500,0.4094,0.005556
junction-office,junction-museum,7,42.000,0.000,200.000,0.4122,0.005556
junction-office,junction-museum,7,42.500,0.000,200.500,0.4150,0.005556
junction-office,junction-museum,7,43.000,0.000,201.000,0.4178,0.005556
junction-office,junction-museum,7,43.500,0.000,201.500,0.4206,0.005556
junction-office,junction-museum,7,44.000,0.000,202.000,0.4233,0.005556
junction-museum,forecourt,7,0.000,0.000,202.000,0.4233,0.005556
junction-museum,forecourt,7,0.500,0.000,202.500,0.4261,0.005556
junction-museum,forecourt,7,1.000,0.000,203.000,0.4289,0.005556
junction-museum,forecourt,7,1.500,0.000,203.500,0.4317,0.005556
junction-museum,forecourt,7,2.000,0.000,204.000,0.4344,0.005556
junction-museum,forecourt,7,2.500,0.000,204.500,0.4372,0.005556
junction-museum,forecourt,7,3.000,0.000,205.000,0.4400,0.005556
junction-museum,forecourt,7,3.500,0.000,205.500,0.4428,0.005556
junction-museum,forecourt,7,4.000,0.000,206.000,0.4456,0.005556
junction-museum,forecourt,7,4.500,0.000,206.500,0.4483,0.005556
junction-museum,forecourt,7,5.000,0.000,207.000,0.4511,0.005556
junction-museum,forecourt,7,5.500,0.000,207.500,0.4539,0.005556
junction-museum,forecourt,7,6.000,0.000,208.000,0.4567,0.005556
junction-museum,museum-entry,3,0.000,0.000,202.000,0.4233,0.000143
junction-museum,museum-entry,3,0.495,-0.495,202.000,0.4233,0.000143
junction-museum,museum-entry,3,0.989,-0.989,202.000,0.4233,0.000143
junction-museum,museum-entry,3,1.484,-1.484,202.000,0.4233,0.000143
junction-museum,museum-entry,3,1.978,-1.978,202.000,0.4233,0.000143
junction-museum,museum-entry,3,2.473,-2.473,202.000,0.4233,0.000143
junction-museum,museum-entry,3,2.967,-2.967,202.000,0.4233,0.000143
junction-museum,museum-entry,3,3.462,-3.462,202.000,0.4233,0.000143
junction-museum,museum-entry,3,3.956,-3.956,202.000,0.4233,0.000143
junction-museum,museum-entry,3,4.451,-4.451,202.000,0.4233,0.000143
junction-museum,museum-entry,3,4.945,-4.945,202.000,0.4233,0.000143
junction-museum,museum-entry,3,5.440,-5.440,202.000,0.4233,0.000143
junction-museum,museum-entry,3,5.935,-5.935,202.000,0.4233,0.000143
junction-museum,museum-entry,3,6.429,-6.429,202.000,0.4233,0.000143
junction-museum,museum-entry,3,6.924,-6.924,202.000,0.4233,0.000143
junction-museum,museum-entry,3,7.418,-7.418,202.000,0.4233,0.000143
junction-museum,museum-entry,3,7.913,-7.913,202.000,0.4233,0.000143
junction-museum,museum-entry,3,8.407,-8.407,202.000,0.4233,0.000143
junction-museum,museum-entry,3,8.902,-8.902,202.000,0.4233,0.000143
junction-museum,museum-entry,3,9.396,-9.396,202.000,0.4233,0.000143
junction-museum,museum-entry,3,9.891,-9.891,202.000,0.4233,0.000143
junction-museum,museum-entry,3,10.385,-10.385,202.000,0.4233,0.000143
junction-museum,museum-entry,3,10.880,-10.880,202.000,0.4233,0.000143
junction-museum,museum-entry,3,11.375,-11.375,202.000,0.4233,0.000143
junction-museum,museum-entry,3,11.869,-11.869,202.000,0.4233,0.000143
junction-museum,museum-entry,3,12.364,-12.364,202.000,0.4233,0.000143
junction-museum,museum-entry,3,12.858,-12.858,202.000,0.4233,0.000143
junction-museum,museum-entry,3,13.353,-13.353,202.000,0.4233,0.000143
junction-museum,museum-entry,3,13.847,-13.847,202.000,0.4233,0.000143
junction-museum,museum-entry,3,14.342,-14.342,202.000,0.4233,0.000143
junction-museum,museum-entry,3,14.836,-14.836,202.000,0.4233,0.000143
junction-museum,museum-entry,3,15.331,-15.331,202.000,0.4233,0.000143
junction-museum,museum-entry,3,15.825,-15.825,202.000,0.4233,0.000143
junction-museum,museum-entry,3,16.320,-16.320,202.000,0.4233,0.000143
junction-museum,museum-entry,3,16.815,-16.815,202.000,0.4233,0.000143
junction-museum,museum-entry,3,17.309,-17.309,202.000,0.4233,0.000143
junction-museum,museum-entry,3,17.804,-17.804,202.000,0.4233,0.000143
junction-museum,museum-entry,3,18.298,-18.298,202.000,0.4233,0.000143
junction-museum,museum-entry,3,18.793,-18.793,202.000,0.4233,0.000143
junction-museum,museum-entry,3,19.287,-19.287,202.000,0.4233,0.000143
junction-museum,museum-entry,3,19.782,-19.782,202.000,0.4233,0.000143
junction-museum,museum-entry,3,20.276,-20.276,202.000,0.4233,0.000143
junction-museum,museum-entry,3,20.771,-20.771,202.000,0.4233,0.000143
junction-museum,museum-entry,3,21.265,-21.265,202.000,0.4233,0.000143
junction-museum,museum-entry,3,21.760,-21.760,202.000,0.4233,0.000143
junction-museum,museum-entry,3,22.255,-22.255,202.000,0.4233,0.000143
junction-museum,museum-entry,3,22.749,-22.749,202.000,0.4233,0.000143
junction-museum,museum-entry,3,23.244,-23.244,202.000,0.4233,0.000143
junction-museum,museum-entry,3,23.738,-23.738,202.000,0.4233,0.000143
junction-museum,museum-entry,3,24.233,-24.233,202.000,0.4233,0.000143
junction-museum,museum-entry,3,24.727,-24.727,202.000,0.4233,0.000143
junction-museum,museum-entry,3,25.222,-25.222,202.000,0.4233,0.000143
junction-museum,museum-entry,3,25.716,-25.716,202.000,0.4233,0.000143
junction-museum,museum-entry,3,26.211,-26.211,202.000,0.4233,0.000143
junction-museum,museum-entry,3,26.705,-26.705,202.000,0.4233,0.000143
junction-museum,museum-entry,3,27.200,-27.200,202.000,0.4232,0.000143
forecourt-15,main-front,3,0.000,69.000,204.000,0.3400,0.045263
forecourt-15,main-front,3,0.500,69.000,204.500,0.3402,0.045263
forecourt-15,main-front,3,1.000,69.000,205.000,0.3427,0.045263
forecourt-15,main-front,3,1.500,69.000,205.500,0.3511,0.045263
forecourt-15,main-front,3,2.000,69.000,206.000,0.3675,0.045263
forecourt-15,main-front,3,2.500,69.000,206.500,0.3902,0.045263
forecourt-15,main-front,3,3.000,69.000,207.000,0.4120,0.045263
forecourt-15,main-front,3,3.500,69.000,207.500,0.4293,0.045263
forecourt-15,main-front,3,4.000,69.000,208.000,0.4445,0.045263
forecourt-15,main-front,3,4.500,69.000,208.500,0.4561,0.045263
forecourt-15,main-front,3,5.000,69.000,209.000,0.4622,0.045263
forecourt-15,main-front,3,5.500,69.000,209.500,0.4657,0.045263
forecourt-15,main-front,3,6.000,69.000,210.000,0.4701,0.045263
forecourt-15,main-front,3,6.500,69.000,210.500,0.4748,0.045263
forecourt-15,main-front,3,7.000,69.000,211.000,0.4792,0.045263
forecourt-15,main-front,3,7.500,69.000,211.500,0.4831,0.045263
main-front,teaching-entry,3,0.000,69.000,211.500,0.4831,0.006135
main-front,teaching-entry,3,0.462,69.000,211.963,0.4859,0.006135
main-front,teaching-entry,3,0.925,69.000,212.425,0.4879,0.006135
main-front,teaching-entry,3,1.387,69.000,212.887,0.4892,0.006135
main-front,teaching-entry,3,1.850,69.000,213.350,0.4898,0.006135
main-front,teaching-entry,3,2.312,69.000,213.813,0.4900,0.006135
main-front,teaching-entry,3,2.775,69.000,214.275,0.4900,0.006135
main-front,teaching-entry,3,3.237,69.000,214.737,0.4900,0.006135
main-front,teaching-entry,3,3.700,69.000,215.200,0.4900,0.006135
east-front,east-cross,3,0.000,129.000,208.000,0.4900,0.000000
east-front,east-cross,3,0.500,129.000,208.500,0.4900,0.000000
east-front,east-cross,3,1.000,129.000,209.000,0.4900,0.000000
east-front,east-cross,3,1.500,129.000,209.500,0.4900,0.000000
east-front,east-cross,3,2.000,129.000,210.000,0.4900,0.000000
east-front,east-cross,3,2.500,129.000,210.500,0.4900,0.000000
east-front,east-cross,3,3.000,129.000,211.000,0.4900,0.000000
east-front,east-cross,3,3.500,129.000,211.500,0.4900,0.000000
east-front,east-cross,3,4.000,129.000,212.000,0.4900,0.000000
east-front,east-cross,3,4.500,129.000,212.500,0.4900,0.000000
east-front,east-cross,3,5.000,129.000,213.000,0.4900,0.000000
east-front,east-cross,3,5.500,129.000,213.500,0.4900,0.000000
east-front,east-cross,3,6.000,129.000,214.000,0.4900,0.000000
east-front,east-cross,3,6.500,129.000,214.500,0.4900,0.000000
east-front,east-cross,3,7.000,129.000,215.000,0.4900,0.000000
east-front,east-cross,3,7.500,129.000,215.500,0.4900,0.000000
east-front,east-cross,3,8.000,129.000,216.000,0.4900,0.000000
east-front,east-cross,3,8.500,129.000,216.500,0.4900,0.000000
east-front,east-cross,3,9.000,129.000,217.000,0.4900,0.000000
east-front,east-cross,3,9.500,129.000,217.500,0.4900,0.000000
east-front,east-cross,3,10.000,129.000,218.000,0.4900,0.000000
east-front,east-cross,3,10.500,129.000,218.500,0.4900,0.000000
east-front,east-cross,3,11.000,129.000,219.000,0.4900,0.000000
east-front,east-cross,3,11.500,129.000,219.500,0.4900,0.000000
east-front,east-cross,3,12.000,129.000,220.000,0.4900,0.000000
east-front,east-cross,3,12.500,129.000,220.500,0.4900,0.000000
east-front,east-cross,3,13.000,129.000,221.000,0.4900,0.000000
east-front,east-cross,3,13.500,129.000,221.500,0.4900,0.000000
east-front,east-cross,3,14.000,129.000,222.000,0.4900,0.000000
east-front,east-cross,3,14.500,129.000,222.500,0.4900,0.000000
east-front,east-cross,3,15.000,129.000,223.000,0.4900,0.000000
east-front,east-cross,3,15.500,129.000,223.500,0.4900,0.000000
east-front,east-cross,3,16.000,129.000,224.000,0.4900,0.000000
east-cross,east-bottom,3,0.000,129.000,224.000,0.4900,0.000000
east-cross,east-bottom,3,0.500,129.000,224.500,0.4900,0.000000
east-cross,east-bottom,3,1.000,129.000,225.000,0.4900,0.000000
east-cross,east-bottom,3,1.500,129.000,225.500,0.4900,0.000000
east-cross,east-bottom,3,2.000,129.000,226.000,0.4900,0.000000
east-cross,east-bottom,3,2.500,129.000,226.500,0.4900,0.000000
east-cross,east-bottom,3,3.000,129.000,227.000,0.4900,0.000000
east-cross,east-bottom,3,3.500,129.000,227.500,0.4900,0.000000
east-cross,east-bottom,3,4.000,129.000,228.000,0.4900,0.000000
east-cross,east-bottom,3,4.500,129.000,228.500,0.4900,0.000000
east-cross,east-bottom,3,5.000,129.000,229.000,0.4900,0.000000
east-cross,east-bottom,3,5.500,129.000,229.500,0.4900,0.000000
east-cross,east-bottom,3,6.000,129.000,230.000,0.4900,0.000000
east-cross,east-bottom,3,6.500,129.000,230.500,0.4900,0.000000
east-cross,east-bottom,3,7.000,129.000,231.000,0.4900,0.000000
east-cross,east-bottom,3,7.500,129.000,231.500,0.4900,0.000000
east-cross,east-bottom,3,8.000,129.000,232.000,0.4900,0.000000
east-cross,east-bottom,3,8.500,129.000,232.500,0.4900,0.000000
east-cross,east-bottom,3,9.000,129.000,233.000,0.4900,0.000000
east-cross,east-bottom,3,9.500,129.000,233.500,0.4900,0.000000
east-cross,east-bottom,3,10.000,129.000,234.000,0.4900,0.000000
east-cross,east-bottom,3,10.500,129.000,234.500,0.4900,0.000000
east-cross,east-bottom,3,11.000,129.000,235.000,0.4900,0.000000
east-cross,east-bottom,3,11.500,129.000,235.500,0.4900,0.000000
east-cross,east-bottom,3,12.000,129.000,236.000,0.4900,0.000000
east-cross,east-bottom,3,12.500,129.000,236.500,0.4900,0.000000
east-cross,east-bottom,3,13.000,129.000,237.000,0.4900,0.000000
east-cross,east-bottom,3,13.500,129.000,237.500,0.4900,0.000000
east-cross,east-bottom,3,14.000,129.000,238.000,0.4900,0.000000
east-cross,east-bottom,3,14.500,129.000,238.500,0.4900,0.000000
east-cross,east-bottom,3,15.000,129.000,239.000,0.4900,0.000000
main-east,east-cross,3,0.000,119.800,224.000,0.4900,0.000000
main-east,east-cross,3,0.484,120.284,224.000,0.4900,0.000000
main-east,east-cross,3,0.968,120.768,224.000,0.4900,0.000000
main-east,east-cross,3,1.453,121.253,224.000,0.4900,0.000000
main-east,east-cross,3,1.937,121.737,224.000,0.4900,0.000000
main-east,east-cross,3,2.421,122.221,224.000,0.4900,0.000000
main-east,east-cross,3,2.905,122.705,224.000,0.4900,0.000000
main-east,east-cross,3,3.389,123.189,224.000,0.4900,0.000000
main-east,east-cross,3,3.874,123.674,224.000,0.4900,0.000000
main-east,east-cross,3,4.358,124.158,224.000,0.4900,0.000000
main-east,east-cross,3,4.842,124.642,224.000,0.4900,0.000000
main-east,east-cross,3,5.326,125.126,224.000,0.4900,0.000000
main-east,east-cross,3,5.811,125.611,224.000,0.4900,0.000000
main-east,east-cross,3,6.295,126.095,224.000,0.4900,0.000000
main-east,east-cross,3,6.779,126.579,224.000,0.4900,0.000000
main-east,east-cross,3,7.263,127.063,224.000,0.4900,0.000000
main-east,east-cross,3,7.747,127.547,224.000,0.4900,0.000000
main-east,east-cross,3,8.232,128.032,224.000,0.4900,0.000000
main-east,east-cross,3,8.716,128.516,224.000,0.4900,0.000000
main-east,east-cross,3,9.200,129.000,224.000,0.4900,0.000000
east-cross,info-west,3,0.000,129.000,224.000,0.4900,0.000000
east-cross,info-west,3,0.490,129.490,224.000,0.4900,0.000000
east-cross,info-west,3,0.979,129.979,224.000,0.4900,0.000000
east-cross,info-west,3,1.469,130.469,224.000,0.4900,0.000000
east-cross,info-west,3,1.959,130.959,224.000,0.4900,0.000000
east-cross,info-west,3,2.448,131.448,224.000,0.4900,0.000000
east-cross,info-west,3,2.938,131.938,224.000,0.4900,0.000000
east-cross,info-west,3,3.428,132.428,224.000,0.4900,0.000000
east-cross,info-west,3,3.917,132.917,224.000,0.4900,0.000000
east-cross,info-west,3,4.407,133.407,224.000,0.4900,0.000000
east-cross,info-west,3,4.897,133.897,224.000,0.4900,0.000000
east-cross,info-west,3,5.386,134.386,224.000,0.4900,0.000000
east-cross,info-west,3,5.876,134.876,224.000,0.4900,0.000000
east-cross,info-west,3,6.366,135.366,224.000,0.4900,0.000000
east-cross,info-west,3,6.855,135.855,224.000,0.4900,0.000000
east-cross,info-west,3,7.345,136.345,224.000,0.4900,0.000000
east-cross,info-west,3,7.834,136.834,224.000,0.4900,0.000000
east-cross,info-west,3,8.324,137.324,224.000,0.4900,0.000000
east-cross,info-west,3,8.814,137.814,224.000,0.4900,0.000000
east-cross,info-west,3,9.303,138.303,224.000,0.4900,0.000000
east-cross,info-west,3,9.793,138.793,224.000,0.4900,0.000000
east-cross,info-west,3,10.283,139.283,224.000,0.4900,0.000000
east-cross,info-west,3,10.772,139.772,224.000,0.4900,0.000000
east-cross,info-west,3,11.262,140.262,224.000,0.4900,0.000000
east-cross,info-west,3,11.752,140.752,224.000,0.4900,0.000000
east-cross,info-west,3,12.241,141.241,224.000,0.4900,0.000000
east-cross,info-west,3,12.731,141.731,224.000,0.4900,0.000000
east-cross,info-west,3,13.221,142.221,224.000,0.4900,0.000000
east-cross,info-west,3,13.710,142.710,224.000,0.4900,0.000000
east-cross,info-west,3,14.200,143.200,224.000,0.4900,0.000000
